1,BanWord
2,10새끼
3,10새야
4,10색이
5,10색히
6,10세기야
7,10섹
8,10쉑
9,10알
10,10알년
11,10알놈
12,10알뇬
13,10팔색
14,10팔섹
15,10팔쉑
16,10펄년
17,10할년
18,18nom
19,18num
20,18넘
21,18년
22,18년아
23,18놈
24,18뇬
25,18새끼
26,18색히
27,18세끼
28,18세키
29,18섹키
30,18섹히
31,2c8
32,2c팔
33,2씨8
34,4까C
35,4까시
36,69전문
37,ac발
38,adult
39,anal
40,ass
41,asshole
42,bacastv
43,backboji
44,bastard
45,bdsm
46,beaber
47,bentbastard
48,bitch
49,blob
50,boji
51,bojy
52,boob
53,bozi
54,bozy
55,bo지
56,bo지물
57,bo지털
58,byuntae
59,c8
60,c818
61,c8c8
62,cibal
63,cock
64,condem
65,condom
66,cunt
67,c발
68,c발넘
69,c발년
70,c발놈
71,c발뇬
72,c발색
73,c발섹
74,c발쉑
75,c벌
76,c벌넘
77,c벌년
78,c벌놈
79,c벌뇬
80,c빨
81,c팔
82,ddr
83,dickhead
84,dike
85,dildo
86,dogbaby
87,dogfucker
88,ecstasy
89,faggot
90,fetish
91,fuck
92,fuckhead
93,fucking
94,fuckingasshole
95,fuckingbastard
96,fuckoff
97,fucku
98,fuckup
99,fuckyou
100,fuck-you
101,gay
102,hentai
103,horny
104,jaji
105,jaji털
106,jawe
107,jawi
108,jazi
109,jazy
110,ja위
111,ja지
112,jgirls
113,ji랄
114,ji럴
115,jot
116,lesbian
117,lesbien
118,Masturbati
119,Masturbation
120,meatpuppet
121,me췬
122,me친
123,me틴
124,mi친
125,mi틴
126,molca
127,nigimi
128,nimi
129,nude
130,oral
131,penis
132,poof
133,porno
134,pussy
135,sausagejockey
136,sex
137,sex하자
138,sex해
139,sibal
140,sipal
141,sival
142,si발
143,si벌
144,si부랄
145,si부럴
146,si빨
147,si팔
148,si펄
149,slave
150,slut
151,snatch
152,ssibal
153,ssival
154,suck
155,sucker
156,suicide
157,swaping
158,twat
159,uck
160,uckyou
161,unclefucker
162,wanker
163,weewee
164,x녀
165,x놈
166,x물
167,x발
168,x섹스
169,x위
170,x지
171,x터시
172,x털
173,x한
174,x할
175,yadong
176,yasa
177,ya동
178,ya설
179,ya한
180,zaji
181,zamji
182,zasal
183,zazi
184,zazi털
185,zazy
186,za위
187,za지
188,zl랄
189,zot
190,가슴
191,가슴만져
192,가슴빨아
193,가슴빨어
194,가슴조물락
195,가슴주물럭
196,가슴쪼물딱
197,가슴쪼물락
198,가슴핧아
199,가슴핧어
200,강간
201,개18놈
202,개1새
203,개가턴
204,개가튼
205,개가튼넘
206,개가튼년
207,개가튼놈
208,개가튼뇬
209,개같은
210,개같은냔
211,개같은넘
212,개같은년
213,개같은놈
214,개같은뇬
215,개같은새뀌
216,개거얼래
217,개거얼레
218,개걸래
219,개걸레
220,개너므새뀌
221,개넘새뀌
222,개넘쉬끼
223,개년
224,개놈
225,개뇬
226,개보ji
227,개보쥐
228,개보즤
229,개보지
230,개보지년
231,개보지털
232,개부랄
233,개부럴
234,개불알
235,개빠구리
236,개새기
237,개새꺄
238,개새뀌
239,개새끼
240,개새키
241,개색갸
242,개색기
243,개색꺄
244,개색뀌
245,개색끼
246,개색이
247,개색휘
248,개색히
249,개샛끼
250,개샛히
251,개세끼
252,개세이
253,개섹기
254,개섹끼
255,개섹이
256,개섹햐
257,개섹히
258,개쉐리
259,개쉐이
260,개쉑
261,개쉬키
262,개싑창
263,개시끼
264,개시발
265,개시키
266,개십보지야
267,개십팔
268,개쌍년
269,개쌍놈
270,개쌍도
271,개쌍디언
272,개썅년
273,개쒜
274,개쒜리
275,개쒹기
276,개쓰래기
277,개쓰레기
278,개씁자지
279,개씨발
280,개씨발넘
281,개씨발놈
282,개씨발뇸
283,개씨발자슥
284,개씨불알
285,개씨블
286,개씹
287,개씹보지
288,개씹새
289,개씹세
290,개씹쌔
291,개씹쎄
292,개씹창
293,개씹헐놈
294,개양아치
295,개자g
296,개자ji
297,개자z
298,개자식
299,개자쥐
300,개자지
301,개잡년
302,개잡놈
303,개잡뇬
304,개젓
305,개젓가튼넘
306,개젖
307,개졋
308,개졎
309,개조가치
310,개조또
311,개존만아
312,개좃
313,개좆
314,개좆같은
315,개좆같은넘
316,개좇
317,개좇같은
318,개좌식
319,개지랄
320,개지랄넘
321,개지랄놈
322,개지럴
323,개지롤
324,개차반
325,개허벌창
326,개호로
327,개호로년
328,개호로들
329,개호로새기
330,개호로새끼
331,갱뱅
332,걔잡넘
333,걔잡년
334,걔잡뇬
335,걸래가튼뇬
336,걸래같은년
337,걸래넘
338,걸래년
339,걸래놈
340,걸레가튼넘
341,걸레가튼뇸
342,걸레같
343,걸레같은
344,걸레같은년
345,걸레같은놈
346,걸레년
347,걸레보지
348,겁탈
349,게년
350,게뇬
351,게보ji
352,게보쥐
353,게보지
354,게부럴
355,게새
356,게새꺄
357,게새끼
358,게색
359,게색갸
360,게색기
361,게색끼
362,게세꺄
363,게세끼
364,게세리
365,게섹
366,게섹기
367,게섹끼
368,게쉐
369,게쉐리
370,게쉐이
371,게쉑
372,게쉑아
373,게쉬키
374,게쉽새
375,게쉽세
376,게시끼
377,게시키
378,게십새
379,게십세
380,게쓰래기
381,게쓰레기
382,게씨발
383,게씨발넘
384,게씹새
385,게씹세
386,게이
387,게자ji
388,게자쉭
389,게자슥
390,게자식
391,게자쥐
392,게자지
393,게잡넘
394,게잡년
395,게잡뇬
396,게젓가튼넘
397,게좃
398,게좆
399,게좌쉭
400,게지랄
401,게지럴
402,게호로년
403,게호로놈
404,게호로새끼
405,겧샣낗
406,겧셓낗
407,계가튼뇬
408,계같은뇬
409,고자
410,고자놈
411,고자새끼
412,고추털
413,고츄
414,고환
415,곧휴
416,구녕
417,구멍
418,굿보지
419,귀두
420,그거할년
421,그룹색
422,그룹색스
423,그룹색쓰
424,그룹섹
425,그룹섹스
426,그룹섹쓰
427,그룹쌕
428,그룹쌕스
429,그룹쌕쓰
430,그룹쎅
431,그룹쎅스
432,그룹쎅쓰
433,근친
434,근친상간
435,꼬추
436,꼬추털
437,꼴깝
438,꼴려
439,꼴리
440,꼴리네
441,꼴리는
442,꼴리다
443,꼴린다
444,나너먹을께
445,나랑할래
446,나먹어라
447,나먹어봐
448,난교
449,난도
450,난자
451,난자마셔
452,난자먹어
453,난자핧아
454,남성채위
455,남성체위
456,남자대물
457,남자채위
458,남자체위
459,남창
460,내꺼빨아
461,내꺼쑤셔
462,내꺼핧아
463,내미럴
464,내씨발
465,내자지
466,내잠지
467,냥년
468,너거애비
469,넣게벌려
470,넣고싸고
471,노브라
472,노팬츠
473,노팬티
474,뇨온
475,뇬
476,누나강간
477,눈까리
478,눈깔
479,뉘귀미
480,뉘기미
481,뉘미
482,뉘미랄
483,뉘미럴
484,뉭기랄
485,뉭기럴
486,뉭기미
487,느그애미
488,느그애비
489,느그엄마
490,늬귀미
491,늬뮈
492,늬뮈랄
493,늬뮈럴
494,늬믜
495,늬믜창
496,늬미
497,늬미랄
498,늬미럴
499,닁기미
500,니M창
501,니OH미
502,니기미
503,니기미씹
504,니뮈
505,니뮈랄
506,니뮈럴
507,니뮈쒸발
508,니믜
509,니미
510,니미기
511,니미랄
512,니미럴
513,니미쒸발
514,니미쒸파
515,니미씨뎅이
516,니미씨벌년
517,니미씨부럴
518,니미씨팔
519,니미씨팔넘
520,니미씹빠빠
521,니미씹탱
522,니미씹탱이
523,니미좃
524,니미좃구리
525,니아범
526,니아비
527,니애미
528,니애비
529,니앰
530,니어미
531,니에미
532,니에비
533,니좆
534,니죠때
535,니죶데
536,니주가리
537,니할애비
538,닝기럴
539,닝기미
540,닭머리
541,닭처
542,닳은년
543,대가리
544,대갈
545,대갈빡
546,대갈통
547,대딸
548,대딸방
549,대음순
550,대주까
551,더러운년
552,데질랴
553,데질려
554,돌림빵
555,동생강간
556,동성
557,되져라
558,되질래
559,되질레
560,뒈져
561,뒈져라
562,뒈죠라
563,뒈진
564,뒈진다
565,뒈질
566,뒈질래
567,뒈질랴
568,뒈질레
569,뒈질려
570,뒤이치기
571,뒤져
572,뒤진
573,뒤진다
574,뒤질
575,뒤질래
576,뒤치기
577,뒷치기
578,드러운년
579,드러운새리
580,등쉰
581,등신
582,등신새끼
583,등신세끼
584,등신시끼
585,듸진
586,듸질
587,디저라
588,디져
589,디져라
590,디진
591,디진다
592,디질
593,디질래
594,디질랴
595,디질려
596,딜도
597,따먹
598,따먹기
599,따먹는다
600,따먹어
601,따먹어야지
602,따먹었어
603,따먹었지
604,따먹은년
605,따먹을까
606,따먹자
607,따무라
608,따묵기
609,딸달이
610,딸따뤼
611,딸따리
612,딸딸이
613,딸치는
614,딸통
615,땀냄새
616,떠그랄
617,떡촌
618,떡치기
619,떵구녁
620,떵구녕
621,또라이
622,똘아이
623,똥구녕
624,똥구멍
625,똥꼬
626,똥꾸녕
627,똥대가리
628,똥물
629,똥싸
630,똥쳐먹다
631,래즈
632,래즈비언
633,레즈
634,룸색스
635,룸색쓰
636,룸섹스
637,룸섹쓰
638,룸쌕스
639,룸쌕쓰
640,룸쎅스
641,룸쎅쓰
642,리얼섹스
643,마스터베이션
644,막간년
645,막간놈
646,막간뇬
647,막대쑤셔줘
648,막대핧아줘
649,말보지
650,맛간년
651,맛간놈
652,맛간뇬
653,맛없는년
654,맛이간년
655,매춘
656,머저리
657,메춘
658,목따
659,몰카
660,몸뚱이줄께
661,몸안에사정
662,몸파는
663,몸파라
664,몸팔러
665,무뇌
666,문둥이
667,문딩이
668,뭘봐쉽발새야
669,뭬친놈
670,뮈췬
671,뮈친
672,뮈친년
673,뮈친놈
674,뮈튄
675,믜친
676,미년씹
677,미아리텍사스
678,미췬
679,미췬개쉑
680,미췬냔
681,미췬넘
682,미췬년
683,미췬놈
684,미췬뇬
685,미칀
686,미칀냔
687,미칀넘
688,미칀년
689,미칀놈
690,미칀뇬
691,미친
692,미친개늠
693,미친개보지같은년
694,미친개색기
695,미친개섹히
696,미친구녕
697,미친구멍
698,미친냔
699,미친넘
700,미친년
701,미친년들아
702,미친년아
703,미친놈
704,미친놈아
705,미친뇬
706,미친뇸
707,미친새뀌
708,미친새끼
709,미친색기
710,미친색히
711,미친섹기
712,미친쉐끼
713,미친쉐이
714,미친쉑
715,미친쉑히
716,미친씨부랄
717,미친씹빠빠
718,미친씹쌔
719,미친씹쌔끼
720,미친씹쎄
721,미친씹쎄끼
722,미틴
723,미틴놈
724,미틴뇬
725,미틴뇸
726,밑구녕
727,밑구녕빨기
728,밑꾸녕
729,밑창
730,바보새끼
731,박고시퍼
732,박고싶다
733,박고싶퍼
734,박아줄게
735,박아줄께
736,박을께
737,박을년
738,박큐
739,밖에다쌀께
740,발기
741,발년
742,발놈
743,발정
744,백보g
745,백보ji
746,백보쥐
747,백보즤
748,백보지
749,백자g
750,백자ji
751,백자쥐
752,백자즤
753,백자지
754,버러지
755,버지
756,버지구녕
757,버지구뇽
758,버지구멍
759,버지냄새
760,버지따먹기
761,버지뚫어
762,버지뜨더
763,버지물
764,버지물마셔
765,버지벌려
766,버지벌료
767,버지빨아
768,버지빨어
769,버지쑤셔
770,버지털
771,버지핧아
772,버짓물
773,버짓물마셔
774,버큐
775,번개색스
776,번개색쓰
777,번개섹스
778,번개섹쓰
779,번개쌕스
780,번개쌕쓰
781,번개쎅스
782,번개쎅쓰
783,벌릴여자
784,벌자지
785,벌창
786,벌창같은년
787,벙개색스
788,벙개색쓰
789,벙개섹스
790,벙개섹쓰
791,벙개쌕스
792,벙개쌕쓰
793,벙개쎅스
794,벙개쎅쓰
795,벙게색스
796,벙게색쓰
797,벙게섹스
798,벙게섹쓰
799,벙게쌕스
800,벙게쌕쓰
801,벙게쎅스
802,벙게쎅쓰
803,변녀
804,변섹
805,변태
806,변태새뀌
807,변태새끼
808,변태색히
809,병딱
810,병쉰
811,병싄
812,병시나
813,병신
814,병신같은년
815,병신같은놈
816,병신개자식
817,병신년
818,병신년아
819,병신놈
820,병신놈아
821,병신들아
822,병신새끼
823,병신세리
824,병신셰리
825,병신쉐리
826,병신쉐이
827,병신쉑기
828,병신씨발
829,병신씹새
830,병신씹세
831,병신씹쌔
832,병신씹쎄
833,병신육갑
834,병신조진다
835,보G
836,보g구녁
837,보g구녕
838,보g구멍
839,보g물
840,보g빨아
841,보g털
842,보ji
843,보ji구녁
844,보ji구녕
845,보ji구멍
846,보ji물
847,보ji빨아
848,보ji털
849,보x
850,보오지
851,보쥐
852,보쥐구녁
853,보쥐구녕
854,보쥐구멍
855,보쥐물
856,보쥐털
857,보쥣물
858,보쥣털
859,보즤
860,보즤구녁
861,보즤구녕
862,보즤구멍
863,보즤물
864,보즤털
865,보즷물
866,보지
867,보지같은년
868,보지구녁
869,보지구녕
870,보지구멍
871,보지깔년
872,보지깔아
873,보지녀
874,보지년
875,보지뇬
876,보지따먹기
877,보지뚫어
878,보지뜨더
879,보지머리박기
880,보지물
881,보지물마셔
882,보지박어
883,보지벌려
884,보지벌리
885,보지벌리자
886,보지빨
887,보지빨아
888,보지빨어
889,보지시궁창
890,보지시키
891,보지씹
892,보지씹네
893,보지에자지껴
894,보지에자지너
895,보지자지
896,보지정액
897,보지쥐어짜
898,보지찌렁내
899,보지찌져
900,보지찢어
901,보지털
902,보지털뽑아
903,보지털어
904,보지핧아
905,보지핧아줄까
906,보지핧아줘
907,보지핧어
908,보짓
909,보짓년
910,보짓물
911,보짓물마셔
912,보짓털
913,보짖물
914,보털
915,봊지
916,부랄
917,부럴
918,붕신
919,붕신새끼
920,붕신색끼
921,붕신색이
922,붕신색히
923,붕신세끼
924,붱신
925,뷩딱
926,뷩쉰
927,뷩시
928,뷩신
929,뷰지
930,븅딱
931,븅띤
932,븅쉰
933,븅싄
934,븅신
935,븅신새꺄
936,븅신새끼
937,븅신색야
938,븅신색햐
939,븅신색히
940,븅신세끼
941,븅신쉑히
942,븽신
943,빙딱
944,빙띤
945,빙쉰
946,빙시
947,빙신
948,빙신쉐리
949,빙신쉐이
950,빠가새끼
951,빠가십새
952,빠가씹새
953,빠가야로
954,빠구
955,빠구뤼
956,빠구리
957,빠굴
958,빠굴이
959,빠꾸뤼
960,빠꾸리
961,빠돌이
962,빠라
963,빠라조
964,빠라줘
965,빠러
966,빠수니
967,빠순이
968,빠큐
969,빡유
970,빡촌
971,빡큐
972,빤스
973,빤쮸
974,빨0r
975,빨기
976,빨께
977,빨라줘
978,빨아
979,빨아줘
980,빨어
981,빨자졷
982,빨자좃
983,빨자좇
984,빨통
985,빽보g
986,빽보ji
987,빽보지
988,빽자g
989,빽자ji
990,빽자지
991,빽좌지
992,빽큐
993,뻐르노
994,뻐큐
995,뻐킹
996,뻑뀨
997,뻑유
998,뻑큐
999,뽀로너
1000,뽀로노
1001,뽀르노
1002,사까쉬
1003,사까시
1004,사정
1005,사창가
1006,사카시
1007,삭하시
1008,삿가시
1009,삿까시
1010,삿깟시
1011,새까
1012,새꺄
1013,새'꺄
1014,새뀌
1015,새끠
1016,새끼
1017,새'끼
1018,새뤼
1019,새캬
1020,새키
1021,색s
1022,색갸
1023,색걸
1024,색골
1025,색광
1026,색귀
1027,색기
1028,색꺄
1029,색꼴
1030,색끼
1031,색남
1032,색녀
1033,색마
1034,색무비
1035,색보지
1036,색수
1037,색슈
1038,색스
1039,색쑤
1040,색쓔
1041,색쓰
1042,색티쉬
1043,색파트너
1044,색폰
1045,색휘
1046,색히
1047,샹년
1048,샹놈
1049,샹뇬
1050,샹늠
1051,샹팔개년
1052,섀끼
1053,섀캬
1054,성감대
1055,성경험
1056,성관게
1057,성관계
1058,성교
1059,성교제
1060,성교하자
1061,성교해
1062,성기
1063,성기구
1064,성병
1065,성색스
1066,성생활
1067,성섹스
1068,성욕구
1069,성인야동
1070,성인야사
1071,성인야캠
1072,성인엽기
1073,성인용품
1074,성체위
1075,성추행
1076,성충동
1077,성태크닉
1078,성테크닉
1079,성폭
1080,성폭행
1081,성행위
1082,세끼
1083,세캬
1084,세키
1085,섹.스
1086,섹e스
1087,섹S
1088,섹걸
1089,섹골
1090,섹귀
1091,섹기
1092,섹끼
1093,섹남
1094,섹녀
1095,섹마
1096,섹마야
1097,섹무비
1098,섹보지
1099,섹소리
1100,섹수
1101,섹슈
1102,섹스
1103,섹'스
1104,섹스경험
1105,섹스하자
1106,섹스해
1107,섹쑤
1108,섹쓰
1109,섹키
1110,섹티쉬
1111,섹파
1112,섹파트너
1113,섹하고
1114,섹하자
1115,섹하장
1116,섹하쟈
1117,섹할래
1118,섹해
1119,섹히
1120,소라넷
1121,소음순
1122,속궁합
1123,숏자지
1124,수간
1125,수음
1126,숫처녀
1127,쉐꺄
1128,쉐뀌
1129,쉐끼
1130,쉐캬
1131,쉐키
1132,쉣더뻑
1133,쉬발
1134,쉬발새야
1135,쉬밸
1136,쉬벌
1137,쉬벌년
1138,쉬벌뇬
1139,쉬벨
1140,쉬부럴
1141,쉬불
1142,쉬불넘아
1143,쉬이발
1144,쉬이벌
1145,쉬이팔
1146,쉬이펄
1147,쉬파
1148,쉬팍
1149,쉬팔
1150,쉬펄
1151,쉽8
1152,쉽년
1153,쉽뇬
1154,쉽빨
1155,쉽뻘
1156,쉽새
1157,쉽세
1158,쉽쉐리
1159,쉽쎄
1160,쉽알넘
1161,쉽창
1162,쉽텡아
1163,쉽팔
1164,쉽펄
1165,스와핑
1166,스왑
1167,스토커
1168,스트립쇼
1169,스트립쑈
1170,시1발
1171,시8
1172,시바라마
1173,시바랄
1174,시바알년
1175,시박년
1176,시박색히
1177,시박쉑히
1178,시발
1179,시발냔
1180,시발넘
1181,시발년
1182,시발년아
1183,시발놈
1184,시발놈아
1185,시발뇬
1186,시발롬
1187,시발새끼
1188,시발새캬
1189,시발세끼
1190,시발쉐리
1191,시발쉐이
1192,시발시끼
1193,시밸
1194,시밸냔
1195,시밸넘
1196,시밸년
1197,시밸놈
1198,시밸뇬
1199,시벌
1200,시벌넘
1201,시벌년
1202,시벌새끼
1203,시벌세끼
1204,시벨
1205,시벨냔
1206,시벨넘
1207,시벨년
1208,시벨놈
1209,시벨뇬
1210,시벨새키
1211,시부랄
1212,시부럴
1213,시불
1214,시불냔
1215,시불넘
1216,시불년
1217,시불놈
1218,시불뇬
1219,시불알년
1220,시브랄
1221,시브럴
1222,시빡
1223,시빨년
1224,시빨놈
1225,시팍새꺄
1226,시팍새캬
1227,시팍쉐이
1228,시팔
1229,시팔냔
1230,시팔넘
1231,시팔년
1232,시팔년아
1233,시팔놈
1234,시팔놈아
1235,시팔뇬
1236,시팔새꺄
1237,시팔새끼
1238,시팔새리
1239,시펄
1240,시펄냔
1241,시펄넘
1242,시펄년
1243,시펄년아
1244,시펄놈
1245,시펄놈아
1246,시펄뇬
1247,십보지
1248,십부랄
1249,십새꺄
1250,십새끼
1251,십새키
1252,십색꺄
1253,십색끼
1254,십색키
1255,십색햐
1256,십색히
1257,십세끼
1258,십세키
1259,십섹야
1260,십섹키
1261,십섹햐
1262,십섹히
1263,십쉐이
1264,십쉑
1265,십스키
1266,십시끼
1267,십쌔
1268,십쌔꺄
1269,십쌔끼
1270,십쌔리
1271,십쌔야
1272,십쌔키
1273,십씨키
1274,십알
1275,십알냔
1276,십알넘
1277,십알년
1278,십알놈
1279,십알뇬
1280,십창
1281,십창녀
1282,십탱굴이
1283,십텡굴이
1284,십팔넘
1285,십팔년
1286,십팔놈아
1287,십팔새
1288,십팔새끼
1289,십팔세끼
1290,십펄
1291,싯끼
1292,싸가리
1293,싸가지
1294,싸게해줄께
1295,싸고시포
1296,싸까쉬
1297,싸까싀
1298,싸까시
1299,싸깟이
1300,쌍것
1301,쌍냔
1302,쌍너엄
1303,쌍넘
1304,쌍녀언
1305,쌍년
1306,쌍놈
1307,쌍놈아
1308,쌍뇬
1309,쌍쌍보지
1310,쌕걸
1311,쌕기
1312,쌕끼
1313,쌕마
1314,쌕수
1315,쌕스
1316,쌕쑤
1317,쌕쓰
1318,쌕폰
1319,쌩쇼
1320,쌩쑈
1321,쌩아다
1322,썅
1323,썅냔
1324,썅넘
1325,썅넘쉑
1326,썅넘쉬끼
1327,썅년
1328,썅놈
1329,썅놈쉑
1330,썅뇬
1331,썅뇸
1332,쎄꺄
1333,쎄끈
1334,쎄끼
1335,쎄리
1336,쎄액스
1337,쎄액쓰
1338,쎄엑스
1339,쎄엑쓰
1340,쎅기
1341,쎅수
1342,쎅스
1343,쎅쑤
1344,쎅쓰
1345,쎅이
1346,쎅히
1347,쑤셔
1348,쑤시자
1349,쑤시자아
1350,쑤우셔
1351,쑤우시자
1352,쒜끼
1353,쒸8
1354,쒸뀌
1355,쒸댕
1356,쒸바
1357,쒸박
1358,쒸발
1359,쒸밸
1360,쒸뱅
1361,쒸벌
1362,쒸벨
1363,쒸부랄
1364,쒸부럴
1365,쒸불
1366,쒸빡
1367,쒸양
1368,쒸이발
1369,쒸이벌
1370,쒸이불
1371,쒸이팔
1372,쒸이펄
1373,쒸파
1374,쒸팍
1375,쒸팔
1376,쒸펄
1377,쓉쎄끼
1378,쓰바새끼
1379,쓰바색캬
1380,쓰바색키
1381,쓰바세꺄
1382,쓰바세끼
1383,쓰발새꺄
1384,쓰발새끼
1385,쓰브랄쉽세
1386,씌8
1387,씌댕
1388,씌뎅
1389,씌바
1390,씌박
1391,씌발
1392,씌발년
1393,씌발련이
1394,씌방
1395,씌밸
1396,씌벌
1397,씌벌년
1398,씌벌뇬
1399,씌벨
1400,씌부랄
1401,씌불
1402,씌빨
1403,씌뻘
1404,씌뻘년
1405,씌앙
1406,씌파
1407,씌팍
1408,씌팔
1409,씌팔년
1410,씌팡
1411,씌펄
1412,씝
1413,씝년
1414,씝년아
1415,씝발
1416,씝새
1417,씝알
1418,씝알놈
1419,씝창
1420,씝창년
1421,씝탱
1422,씝팔
1423,씝할
1424,씨.발
1425,씨`발
1426,씨1발
1427,씨1발1년들아
1428,씨8
1429,씨뎅이
1430,씨바
1431,씨바새끼
1432,씨박
1433,씨박새끼
1434,씨받이
1435,씨발
1436,씨'발
1437,씨발냔
1438,씨발넘
1439,씨발년
1440,씨발년아
1441,씨발노무시키
1442,씨발놈
1443,씨발놈아
1444,씨발뇬
1445,씨발롬
1446,씨발병신
1447,씨발새끼
1448,씨발쉐끼
1449,씨발쉐리
1450,씨발쉬끼
1451,씨발스키
1452,씨발호로새끼
1453,씨방년
1454,씨방새
1455,씨방새끼
1456,씨방세
1457,씨방쉐
1458,씨밸
1459,씨밸냔
1460,씨밸넘
1461,씨밸년
1462,씨밸놈
1463,씨밸뇬
1464,씨버럴
1465,씨버럴년
1466,씨버럴놈
1467,씨벌
1468,씨벌넘
1469,씨벌년
1470,씨벌놈
1471,씨벌뇬
1472,씨벌새끼
1473,씨벌세끼
1474,씨벌쉐이
1475,씨벨
1476,씨벨냔
1477,씨벨넘
1478,씨벨년
1479,씨벨놈
1480,씨벨뇬
1481,씨벨세꺄
1482,씨부랄
1483,씨부랄년
1484,씨부랄뇬
1485,씨부랄탱
1486,씨부럴
1487,씨불
1488,씨불냔
1489,씨불넘
1490,씨불년
1491,씨불년아
1492,씨불놈
1493,씨불놈아
1494,씨불뇬
1495,씨불알
1496,씨불알년
1497,씨브랄
1498,씨브럴
1499,씨브롤
1500,씨블
1501,씨블냔
1502,씨블넘
1503,씨블년
1504,씨블놈
1505,씨블뇬
1506,씨빠
1507,씨빡
1508,씨빨
1509,씨빨년
1510,씨뺄뇬
1511,씨뺄뇬아
1512,씨뻘
1513,씨파
1514,씨팍
1515,씨팔
1516,씨팔넘
1517,씨팔년
1518,씨팔놈
1519,씨팔뇬
1520,씨팔허접
1521,씨팔호로쌔끼
1522,씨펄
1523,씨펄년
1524,씨펄년아
1525,씨펄놈
1526,씨펄놈아
1527,씹1세
1528,씹8
1529,씹구녕
1530,씹구멍
1531,씹넘
1532,씹녀
1533,씹년
1534,씹놈
1535,씹뇬
1536,씹뇸
1537,씹물
1538,씹발
1539,씹발놈
1540,씹벌
1541,씹보지
1542,씹보지년
1543,씹부랄
1544,씹불
1545,씹빠
1546,씹빡
1547,씹빨
1548,씹빨년
1549,씹빨아
1550,씹뻘
1551,씹새
1552,씹새꺄
1553,씹새끼
1554,씹새캬
1555,씹새키
1556,씹색끼
1557,씹색히
1558,씹세
1559,씹세끼
1560,씹세야
1561,씹세키
1562,씹섹키
1563,씹쉐
1564,씹쉐이
1565,씹쉐키
1566,씹쌔키
1567,씹썌끼
1568,씹쎄끼
1569,씹씨키
1570,씹자지
1571,씹자지년
1572,씹쥘
1573,씹즬
1574,씹지랄
1575,씹지럴
1576,씹질
1577,씹창
1578,씹창녀
1579,씹창년
1580,씹탱구리
1581,씹탱꾸리
1582,씹텡꾸리
1583,씹팍쉐리
1584,씹팔
1585,씹팔넘
1586,씹팔년
1587,씹팔놈
1588,씹팔쉐리
1589,씹팔썌끼
1590,씹할
1591,씹할년
1592,씹할놈
1593,씹할새끼
1594,아가리
1595,아구창
1596,아구통
1597,아다
1598,아랫도리
1599,안마방
1600,알몸공개
1601,알몸사진
1602,알몸쇼
1603,애널
1604,애무
1605,애미
1606,애미랄
1607,애미보지
1608,애미씨뱅
1609,애미씹
1610,애미자지
1611,애미잡년
1612,애미좃물
1613,애비
1614,애비보지
1615,애비자지
1616,애애무
1617,애액
1618,애에무
1619,애에미
1620,애에비
1621,애자
1622,앰병
1623,앰창
1624,앵벌이
1625,야dong
1626,야겜
1627,야녀
1628,야덩
1629,야동
1630,야똥
1631,야려
1632,야사
1633,야설
1634,야섹
1635,야시녀
1636,야시시
1637,야캠
1638,야한
1639,야한놈
1640,야한동영상
1641,야한사이트
1642,야한사진
1643,얍삽
1644,양년
1645,얨병
1646,얨븅
1647,어미
1648,어미강간
1649,어미따먹자
1650,어미쑤시자
1651,엄창
1652,에로
1653,에무
1654,에믜
1655,에미
1656,에비
1657,에비씹
1658,엑스터시
1659,엠병
1660,엠병알
1661,엠창
1662,여성채위
1663,여성체위
1664,여자ㄸㅏ먹기
1665,여자ㄸㅏ묵기
1666,여자따먹기
1667,여자따묵기
1668,여자먹고
1669,여자채위
1670,여자체위
1671,염뱅
1672,염병
1673,염병알
1674,염병할
1675,염뵹
1676,엿드셈
1677,엿먹어
1678,엿먹어라
1679,엿처거머
1680,엿처먹어
1681,옘뱅
1682,옘병
1683,옘병알
1684,옘병할
1685,오라질
1686,오라질년
1687,오랄
1688,오럴
1689,오르가슴
1690,오르가줌
1691,오르가즘
1692,오입
1693,오입질
1694,옹녀
1695,완전성인용
1696,왕따
1697,왕버지
1698,왕보지
1699,왕자지
1700,왕잠지
1701,왕털버지
1702,왕털보지
1703,왕털자지
1704,왕털잠지
1705,용주골
1706,원조교재
1707,원조교제
1708,원조녀
1709,원조하자
1710,월경
1711,유두
1712,유두빨어
1713,유두핧어
1714,유듀
1715,유방
1716,유방만져
1717,유방빨아
1718,유방조물락
1719,유방주물럭
1720,유방쪼물딱
1721,유방쪼물럭
1722,유방핧아
1723,유방핧어
1724,육갑
1725,육구자세
1726,육깝
1727,육봉
1728,육봉대가리
1729,육시랄
1730,육시럴
1731,육씨랄
1732,육씨럴
1733,윤간
1734,윤락
1735,음경
1736,음낭
1737,음담패설
1738,음란
1739,음모
1740,음탕한년
1741,이새꺄
1742,이세꺄
1743,이쇅꺄
1744,이쉐꺄
1745,이쉑꺄
1746,이시끼
1747,자g
1748,자ji
1749,자ji털
1750,자궁
1751,자기
1752,자기핧아
1753,자살
1754,자아지
1755,자위
1756,자위기구
1757,자쥐
1758,자쥐털
1759,자즤
1760,자지
1761,자지구녕
1762,자지구멍
1763,자지꽂아
1764,자지넣자
1765,자지뜯어
1766,자지박어
1767,자지빨아
1768,자지빨아줘
1769,자지빨어
1770,자지쑤셔
1771,자지쓰레기
1772,자지짤라
1773,자지털
1774,자지핧아
1775,자지핧아줘
1776,자지핧어
1777,자짓털
1778,작은보지
1779,잠g
1780,잠ji
1781,잠쥐
1782,잠즤
1783,잠지
1784,잠지뚫어
1785,잠지물마셔
1786,잠지털
1787,잠짓
1788,잠짓물마셔
1789,잠짓털
1790,잡쓰래기
1791,잡쓰레기
1792,잦이
1793,저까는
1794,저까튼
1795,저빠지게
1796,저빱
1797,저주글
1798,절라
1799,절라게
1800,젓가튼
1801,젓가튼쉐이
1802,젓같
1803,젓같내
1804,젓같네
1805,젓같은
1806,젓까
1807,젓까는
1808,젓까리
1809,젓꼭쥐
1810,젓꼭즤
1811,젓꼭지
1812,젓나
1813,젓나게
1814,젓냄새
1815,젓대가리
1816,젓마난
1817,젓물
1818,젓물냄새
1819,젓밥
1820,젓빠라라
1821,젓빠지게
1822,젓빱
1823,젓은팬티
1824,젓탱
1825,젓탱이
1826,젓텡
1827,정력
1828,정액
1829,정액마셔
1830,정액먹어
1831,정액발사
1832,정액짜
1833,정액핧아
1834,정자
1835,정자마셔
1836,정자먹어
1837,정자핧아
1838,젖
1839,젖가
1840,젖가슴
1841,젖가치
1842,젖가튼
1843,젖같은
1844,젖까
1845,젖까는
1846,젖까치
1847,젖꼭쥐
1848,젖꼭즤
1849,젖꼭지
1850,젖나
1851,젖나게
1852,젖도
1853,젖마나
1854,젖마난
1855,젖마니
1856,젖만아
1857,젖만이
1858,젖만한
1859,젖만히
1860,젖물
1861,젖밥
1862,젖밥새귀
1863,젖빠지게
1864,젖빱
1865,젖소부인
1866,젖은숲
1867,젖은팬티
1868,젖이다
1869,젖탱
1870,젖탱이
1871,젖텡
1872,젼나
1873,젼만한
1874,졋가치
1875,졋가튼
1876,졋같
1877,졋까
1878,졋꼭쥐
1879,졋꼭즤
1880,졋꼭지
1881,졋도
1882,졋마나
1883,졋마난
1884,졋마니
1885,졋만
1886,졋만아
1887,졋만이
1888,졋만한
1889,졋물
1890,졋밥
1891,졋빱
1892,졋탱
1893,졎가치
1894,졎가튼
1895,졎같
1896,졎까
1897,졎꼭쥐
1898,졎꼭즤
1899,졎꼭지
1900,졎도
1901,졎마나
1902,졎마난
1903,졎마니
1904,졎만
1905,졎만아
1906,졎만이
1907,졎만한
1908,졎만히
1909,졎물
1910,졎밥
1911,졎빱
1912,졎탱
1913,졎텡
1914,졏가치
1915,졏가튼
1916,졏까
1917,졏꼭쥐
1918,졏꼭즤
1919,졏꼭지
1920,졏도
1921,졏마나
1922,졏마니
1923,졏만
1924,졏만아
1925,졏만이
1926,졏만한
1927,졏만히
1928,졏물
1929,졏밥
1930,졏빱
1931,졏탱
1932,졏텡
1933,조개나빨어
1934,조개넓은년
1935,조개따조
1936,조개마셔줘
1937,조개벌려조
1938,조개벌려줘
1939,조개보지
1940,조개속물
1941,조개쑤셔줘
1942,조개핧아줘
1943,조건만남
1944,조까
1945,조까는
1946,조까라
1947,조까치
1948,조까튼
1949,조낸
1950,조루
1951,조빠러
1952,조빠지게
1953,조빱
1954,조뺑이
1955,조센징
1956,조오까튼
1957,조오또
1958,조오옷
1959,조온니
1960,조온마니
1961,조온만
1962,조올라
1963,조옴마니
1964,조옷
1965,조옷까
1966,조옷만
1967,조옺
1968,조질래
1969,족갗
1970,족같
1971,족같내
1972,족같네
1973,족같은
1974,족까
1975,족까내
1976,족딸
1977,족밥
1978,족쳐
1979,존나
1980,존나게
1981,존나리
1982,존나시펄년
1983,존나아
1984,존내
1985,존니
1986,존마나
1987,존마난
1988,존마니
1989,존만
1990,존만아
1991,존만이
1992,존만한
1993,존만한년
1994,존만히
1995,존물
1996,졷까
1997,졷까는
1998,졷나
1999,졷마나
2000,졷마난
2001,졷마니
2002,졷만
2003,졷만아
2004,졷만이
2005,졷만한
2006,졷만히
2007,졷물
2008,졷밥
2009,졷빠라
2010,졷빠러
2011,졷빨아
2012,졷빨어
2013,졷빱
2014,졸라게
2015,좀마나
2016,좀마난
2017,좀마니
2018,좀만아
2019,좀만이
2020,좀만한
2021,좁마나
2022,좁마니
2023,좁만
2024,좁만아
2025,좁만이
2026,좁만한
2027,좁물
2028,좁밥
2029,좁빠라라
2030,좁빱
2031,좃
2032,좃가치
2033,좃가튼
2034,좃가튼년
2035,좃가튼놈
2036,좃가튼뇬
2037,좃같
2038,좃같네
2039,좃같은
2040,좃같은년
2041,좃까
2042,좃까는
2043,좃까라
2044,좃까리
2045,좃까치
2046,좃까튼
2047,좃깟네
2048,좃나
2049,좃나게
2050,좃나리
2051,좃나씹냐
2052,좃냄새
2053,좃넘
2054,좃니
2055,좃니재수야
2056,좃대가리
2057,좃도
2058,좃또
2059,좃마나
2060,좃마난
2061,좃마니
2062,좃마무리
2063,좃만
2064,좃만아
2065,좃만이
2066,좃만한
2067,좃만한것
2068,좃만한쉐이
2069,좃먹어
2070,좃물
2071,좃물냄새
2072,좃밥
2073,좃보지
2074,좃부랄
2075,좃빠구리
2076,좃빠네
2077,좃빠라
2078,좃빠라라
2079,좃빠러
2080,좃빠지게
2081,좃빨아
2082,좃빨어
2083,좃빱
2084,좃이
2085,좃이나
2086,좃털
2087,종나
2088,좆
2089,좆가치
2090,좆가튼
2091,좆같
2092,좆같다
2093,좆같아
2094,좆같은
2095,좆같은게
2096,좆같은년
2097,좆같은놈
2098,좆같은뇬
2099,좆같은새끼
2100,좆같은색키
2101,좆같은쉑캬
2102,좆같은쉑키
2103,좆구녕
2104,좆구멍
2105,좆귀두
2106,좆까
2107,좆까는
2108,좆까라
2109,좆까지마
2110,좆까치
2111,좆꼭쥐
2112,좆꼭즤
2113,좆꼭지
2114,좆꼴려
2115,좆꼴리
2116,좆나
2117,좆나게
2118,좆나리
2119,좆년
2120,좆대가리
2121,좆도
2122,좆또
2123,좆마나
2124,좆마난
2125,좆마니
2126,좆만
2127,좆만아
2128,좆만이
2129,좆만한
2130,좆만한년
2131,좆만한놈
2132,좆만한뇸
2133,좆만한새끼
2134,좆만히
2135,좆머거
2136,좆먹어
2137,좆물
2138,좆밥
2139,좆빠
2140,좆빠라
2141,좆빠러
2142,좆빠지게
2143,좆빨아
2144,좆빨어
2145,좆빨이
2146,좆빱
2147,좆새
2148,좆새끼
2149,좆탱이
2150,좆털
2151,좇
2152,좇가치
2153,좇가튼
2154,좇같
2155,좇같네
2156,좇같은
2157,좇같은년
2158,좇까
2159,좇까는
2160,좇까치
2161,좇꼭쥐
2162,좇꼭즤
2163,좇꼭지
2164,좇도
2165,좇마나
2166,좇마난
2167,좇마니
2168,좇만
2169,좇만아
2170,좇만이
2171,좇만한
2172,좇만히
2173,좇물
2174,좇밥
2175,좇빱
2176,좇이
2177,죠밥
2178,죠빱
2179,죤나
2180,죤만년
2181,죤만놈
2182,죤만한색기
2183,죧가치
2184,죧가튼
2185,죧같
2186,죧까
2187,죧까치
2188,죧꼭쥐
2189,죧꼭즤
2190,죧꼭지
2191,죧도
2192,죧마나
2193,죧마난
2194,죧마니
2195,죧만
2196,죧만아
2197,죧만이
2198,죧만한
2199,죧만히
2200,죧물
2201,죧밥
2202,죧빱
2203,죳가치
2204,죳가튼
2205,죳같
2206,죳까
2207,죳까치
2208,죳꼭쥐
2209,죳꼭즤
2210,죳꼭지
2211,죳나
2212,죳도
2213,죳마나
2214,죳마난
2215,죳마니
2216,죳만
2217,죳만아
2218,죳만이
2219,죳만한
2220,죳만히
2221,죳물
2222,죳밥
2223,죳빱
2224,죶까
2225,죷가치
2226,죷가튼
2227,죷같
2228,죷까
2229,죷까치
2230,죷꼭쥐
2231,죷꼭즤
2232,죷꼭지
2233,주민등록번호생성기
2234,주민등록생성기
2235,죽이는동영상
2236,쥐랄
2237,쥐럴
2238,쥐롤
2239,즐길녀
2240,즐드샘
2241,즐드셈
2242,즐쳐드셈
2243,즤랄
2244,지랄
2245,지랄무지개
2246,지랄발광
2247,지랄쌈치기
2248,지랄이
2249,지랄하
2250,지랄하고
2251,지랄하네
2252,지랄하는
2253,지랄한다
2254,지랄해
2255,지럴
2256,지럴발광
2257,지롤
2258,지롤발광
2259,지미랄
2260,지미럴
2261,지미롤
2262,지좆
2263,질세정
2264,질수축
2265,질알
2266,질질싸
2267,질할
2268,짜져
2269,짭것
2270,짭년
2271,짭놈
2272,짭뇬
2273,짱나
2274,쩐다
2275,쪼갈
2276,쪼다새끼
2277,쪼물딱
2278,찌끄래기
2279,찌찌
2280,찐다
2281,찐따
2282,찔꺽
2283,차앙년
2284,창남
2285,창녀
2286,창녀버지
2287,창녀보지
2288,창녀자지
2289,창녀촌
2290,창년
2291,창년벼지
2292,창뇬
2293,채위
2294,챵녀
2295,챵년
2296,챵뇬
2297,처녀막
2298,청부살인
2299,체위
2300,쳐쑤셔박어
2301,쳐죽
2302,촌나시펄
2303,최음제
2304,출장마사지
2305,치마속
2306,카색스
2307,카색쓰
2308,카섹
2309,카섹스
2310,카섹쓰
2311,카쌕
2312,카쌕스
2313,카쌕쓰
2314,카쎅
2315,카쎅스
2316,카쎅쓰
2317,컴s
2318,컴x
2319,컴색
2320,컴섹
2321,컴섹스
2322,컴쌕
2323,컴쎅
2324,컴쎅스
2325,코카인
2326,콘돔
2327,콜걸
2328,크리토리
2329,크리토리스
2330,큰보지
2331,큰자지
2332,큰좇
2333,클로토리스
2334,클로톨리스
2335,클리토
2336,클리토리스
2337,클리톨리스
2338,퇴폐
2339,파이즈리
2340,팍큐
2341,패니스
2342,패륜
2343,패티쉬
2344,패티시
2345,팬티
2346,팰라치오
2347,퍼르노
2348,퍽유
2349,퍽큐
2350,펄놈
2351,페니스
2352,페미돔
2353,페티걸
2354,페티쉬
2355,페티시
2356,펠라치오
2357,펠라티오
2358,펨섭
2359,폐니스
2360,포로노
2361,포르너
2362,포르노
2363,포르느
2364,포온섹
2365,포주
2366,폰s
2367,폰녀구함
2368,폰떽
2369,폰번호
2370,폰색
2371,폰색스
2372,폰색쓰
2373,폰섹
2374,폰섹스
2375,폰섹쓰
2376,폰쌕
2377,폰쌕스
2378,폰쌕쓰
2379,폰쎅
2380,폰쎅스
2381,폰쎅쓰
2382,폰팅
2383,풋잡
2384,할짝
2385,할짥
2386,할쨝
2387,할타
2388,핥아
2389,핥아주께
2390,핥아줌
2391,핥을래
2392,핥짝
2393,핥짥
2394,핥쨕
2395,핧아
2396,핧어
2397,함빨자
2398,항문
2399,항문수셔
2400,항문쑤셔
2401,핸타이
2402,허벌년
2403,허벌레
2404,허벌보지
2405,허벌자식
2406,허벌자지
2407,허벌창
2408,허어벌
2409,허접
2410,허접새끼
2411,허접하
2412,허접해
2413,허좁
2414,허쩝새끼
2415,허쩝썌끼
2416,헐렁보지
2417,헤로인
2418,헨타이
2419,헴타이
2420,혀로보지핧기
2421,호구쉐끼
2422,호냥
2423,호로
2424,호로개쉐리
2425,호로개자식
2426,호로개잡놈
2427,호로개잡늠
2428,호로년
2429,호로뇬
2430,호로새
2431,호로새꺄
2432,호로새끼
2433,호로새리
2434,호로새캬
2435,호로색
2436,호로색끼
2437,호로쉐끼
2438,호로쉐리
2439,호로쉐캬
2440,호로쉑
2441,호로시끼
2442,호로쌔기
2443,호로썌꺄
2444,호로씨발놈
2445,호로씨발새끼
2446,호로자
2447,호로자슥
2448,호로자식
2449,호로잡년
2450,호로잡놈
2451,호루자
2452,호루자슥
2453,호루잡년
2454,호르자슥
2455,호모
2456,호모섹기
2457,호모쎄끼
2458,호빠
2459,호색한
2460,호스트바
2461,호스트빠
2462,호스티스
2463,호좁
2464,호테스바
2465,호테스빠
2466,혼음
2467,홀라당
2468,화끈남
2469,화끈녀
2470,화냥냔
2471,화냥년
2472,화냥뇬
2473,화냥질
2474,화양냔
2475,화양년
2476,화양뇬
2477,환장
2478,후까시
2479,후라
2480,후라덜
2481,후라질
2482,후래
2483,후래아
2484,후래자슥
2485,후래자식
2486,후레
2487,후레년
2488,후레자슥
2489,후레자식
2490,후려
2491,후릴년
2492,후배위
2493,후우장
2494,후장
2495,후장꽂아
2496,후장뚫어
2497,후좡
2498,후창
2499,후창딴다
2500,훌러덩
2501,흥분
2502,흥분제
2503,히로뽕
2504,히밤
2505,개독교
2506,예수쟁이
2507,핑좆
2508,핑두
2509,후팔
2510,후딸
2511,투톤자지
2512,직떡이
2513,좆빨러
2514,좆빨
2515,연쇄삽입마
2516,암캐년
2517,꼬춘쿠키
2518,로리
2519,명예클리
2520,보빨러
2521,보지대장부
2522,보징어
2523,보확찢
2524,보확찟
2525,육병기
2526,육변기
2527,이중잦대
2528,이중좆대
2529,자들자들
2530,자릉내
2531,자슬아치
2532,자지놈
2533,자지늘보
2534,자지랖
2535,자지묻다
2536,자짓값
2537,자풀자풀
2538,자혐
2539,자확찢
2540,젓갈남
2541,좆놈
2542,좆들
2543,좆린이
2544,짜장좆
2545,상려나
2546,같은련
2547,벌련
2548,펄련
2549,보짓구
2550,흉내자지
2551,떽뜨
2552,땍뜨
2553,후빨
2554,딱조타
2555,에보나지
2556,몰캉
2557,뷰지즙
2558,쫀득
2559,육봉쥬지
2560,찐득
2561,한발
2562,꼭지
2563,부비
2564,뷰빔
2565,꾸꾸하고싶다
2566,쥬지
2567,쥬지폭격기
2568,븜지
2569,븜지털
2570,GM
2571,CM
2572,김치녀
2573,盧
2574,노짱
2575,노통
2576,다카기마사오
2577,다카키마사오
2578,닭근혜
2579,맘충
2580,메갈
2581,메갈리아
2582,메갈리언
2583,메갈충
2584,문죄인
2585,박사모
2586,박원숭
2587,빨갱이
2588,빨치산
2589,삼일한
2590,순시리
2591,순실이
2592,어버이연합
2593,엄마부대
2594,운지
2595,일베
2596,일베충
2597,전대갈
2598,전땅크
2599,전라디언
2600,절라도
2601,절라디언
2602,종북
2603,좌빨
2604,좌좀
2605,쪽바리
2606,쿰척충
2607,쿰척쿰척
2608,통구
2609,통일교
2610,틀딱
2611,파오후
2612,한남충
2613,n번방
2614,조주빈
2615,윤석열
2616,노무현
2617,문재인
2618,박근혜
2619,박정희
2620,조두팔
2621,헬조선
2622,망한민국
2623,지옥불반도
2624,쪽발이
2625,니그로
2626,멍청도
2627,감자국
2628,춍
2629,슨상님
2630,박그네
2631,최순실
2632,홍준표
2633,안철수
2634,더불어민주당
2635,자유한국당
2636,바른미래당
2637,정의당
2638,새누리당
2639,한나라당
2640,더듬어민주당
2641,국민의당
2642,통합진보당
2643,니씨판러마
2644,김정일
2645,문죄앙
2646,이재명
2647,심상정
2648,김대중
2649,김정남
2650,김일성
2651,김여정
2652,한남또
2653,허수애비
2654,페미나치
2655,탈김치
2656,헬좆선
2657,자적자
2658,자집애
2659,보토피아
2660,쓰까충
2661,보사삭
2662,빻은련
2663,고지보딩
2664,중지보딩
2665,초지보딩
2666,대지보딩
2667,한녀충
2668,womad
2669,워마드
2670,군무새
2671,꼴마초
2672,낮욕밤충
2673,느개비
2674,느갭
2675,대디충
2676,땅크
2677,메갈로돈
2678,메갈리안
2679,메념
2680,메리가또
2681,메리둥절
2682,메마드
2683,메멘
2684,메오후
2685,메운갈비찜
2686,메추
2687,메퇘지
2688,부엉바위
2689,세계최소추
2690,소라충
2691,소추소심
2692,쓰까페미
2693,씹치
2694,씹치남
2695,씹치년
2696,애미남
2697,애비충
2698,워념
2699,재기하라
2700,재기하다
2701,재기각
2702,운지각
2703,전라국
2704,허경영
2705,황교안
2706,6.9
2707,개저씨
2708,거북유방단
2709,고추장남
2710,군캉스
2711,냄져
2712,똥꼬충
2713,똥차
2714,맨스플레인
2715,보빨
2716,소추
2717,스시남
2718,스윗중남
2719,십중칠예
2720,싸튀충
2721,한남
2722,재기
2723,김치남
2724,갈보
2725,꽃뱀
2726,달창
2727,된장녀
2728,명예남성
2729,보라니
2730,보르노
2731,보르시
2732,보슬아치
2733,보전깨
2734,보한민국
2735,상폐녀
2736,스시녀
2737,암퇘지
2738,여적여
2739,오또케
2740,피싸개
2741,한녀
2742,흉자
2743,가위충
2744,개병대
2745,네다씹
2746,저능아
2747,정공
2748,젠신병자
2749,좆토피아
2750,지진아
2751,진신류
2752,급식충
2753,꼰대
2754,잼민이
2755,진보대학생
2756,초글링
2757,축대남
2758,칭챙
2759,니거
2760,똥송
2761,양놈
2762,오랑캐
2763,왜놈
2764,응우옌
2765,착짱죽짱
2766,짱깨
2767,네다홍
2768,ㄴㄷㅎ
2769,홍어
2770,슨상
2771,엑윽엑엑
2772,불매충
2773,일밍아웃
2774,혁명절
2775,MC무현
2776,노무쿤
2777,노알라
2778,이기야
2779,중력절
2780,관잦
2781,관좆
2782,군쾅이
2783,실좆
2784,자댕이
2785,보댕이
2786,자이루
2787,후전깨
2788,자르셋
2789,보력지원
2790,문재앙
2791,MC재앙
2792,문줴앙
2793,윤항문
2794,굥석열
2795,윤짜장
2796,윤춘장
2797,윤짜왕
2798,윤재앙
2799,퐁퐁남
2800,퐁퐁녀
2801,도태남
2802,도태녀
2803,소추남
2804,베충이
2805,된장남
2806,국민의힘
2807,조두순
2808,보이루
2809,WTF
2810,박현철
2811,짱개
2812,찢재명
2813,찢죄명
2814,웅앵웅
2815,최서원
2816,느금마
2817,초키포키
2818,허버허버
2819,오조오억
2820,노명박
2821,니디티
2822,ㅅㅂ
2823,ㅄ
2824,ㅂㅅ
2825,ㅈㄹ
2826,ㅗ
2827,이죄명
2828,10BAL
2829,10FAL
2830,10JIL
2831,10PAL
2832,10VAL
2833,10머니
2834,10발
2835,10발넌
2836,10발넘
2837,10발년
2838,10발놈
2839,10발뇬
2840,10발눔
2841,10발늠
2842,10밸
2843,10밸넘
2844,10밸년
2845,10밸놈
2846,10밸뇬
2847,10밸눔
2848,10밸늠
2849,10밸련
2850,10버지
2851,10벨
2852,10벨넘
2853,10벨년
2854,10벨놈
2855,10벨뇬
2856,10벨눔
2857,10벨늠
2858,10빨
2859,10빨넘
2860,10빨년
2861,10빨놈
2862,10빨뇬
2863,10빨눔
2864,10빨늠
2865,10새끼
2866,10새리
2867,10세기
2868,10세끼
2869,10쇠
2870,10쉐끼
2871,10쉑끼
2872,10쌔
2873,10쌕
2874,10쎄
2875,10쎄끼
2876,10쐬
2877,10쑝
2878,10알넘
2879,10알눔
2880,10알늠
2881,10앨
2882,10앨넘
2883,10앨년
2884,10앨놈
2885,10앨뇬
2886,10앨눔
2887,10앨늠
2888,10엘
2889,10엘넘
2890,10엘년
2891,10엘놈
2892,10엘뇬
2893,10엘눔
2894,10엘늠
2895,10질
2896,10창
2897,10챵
2898,10촹
2899,10탱
2900,10탱아
2901,10팔
2902,10팔넘
2903,10팔년
2904,10팔놈
2905,10팔뇬
2906,10팔눔
2907,10팔늠
2908,10팔연
2909,10할연
2910,16 4 4
2911,16 44
2912,164 4
2913,1'6'4'4
2914,1-6-4-4
2915,18C8
2916,18눔
2917,18늠
2918,18만원
2919,18색이
2920,18세리
2921,18쉑기
2922,18쉑끼
2923,18쉑히
2924,18시끼
2925,18쌔끼
2926,18쌕끼
2927,18쎄리
2928,18쒜끼
2929,18쒜리
2930,18쒝끼
2931,18씨끼
2932,2MB
2933,2명박
2934,2십팔
2935,4KASI
2936,4KKASI
2937,4가시
2938,4카시
2939,6◐
2940,A10발
2941,A10빨
2942,A10팔
2943,ABUSE
2944,AC빨
2945,AC팔
2946,ADULTSEXSHOP
2947,ADULTVIDEO
2948,ADULTZONE
2949,ALBA
2950,ALCLSSHA
2951,ALCLSTOrL
2952,APFHD
2953,AQUABALL
2954,ARB구함
2955,ASIANGIRL
2956,AWOODONG
2957,BACKBOJYTV
2958,BBAGOORI
2959,BBAGURY
2960,BEHEADING
2961,BESTBOZI
2962,BINYA
2963,BLOWJOB
2964,BOGY
2965,BOJICAM
2966,BOJYCAM
2967,BOJYTV
2968,BOJYTY
2969,ⓑⓞⓩⓘ
2970,BOZICAM
2971,BOZITV
2972,BUNSEC
2973,BUNSEK
2974,BYUNTAESEX
2975,"C,M"
2976,C.M
2977,C2JOY
2978,ⓒⓐ
2979,CAMMOVIE
2980,CARPORNO
2981,CARSEX
2982,CBAL
2983,CCIBAL
2984,CCIFAL
2985,CCIPAL
2986,CCIVAL
2987,CEBAL
2988,CEFAL
2989,CEPAL
2990,CEVAL
2991,CE발
2992,CFAL
2993,CIFAL
2994,CIM
2995,CIPAL
2996,CIPEARL
2997,CIVAL
2998,CLUBERO
2999,CLUD
3000,CM카프라
3001,COMESEK
3002,COMSEK
3003,COSEX
3004,COSEX.NET
3005,CPAL
3006,CUNNILINGUS
3007,CUNNILNGUS
3008,CVAL
3009,C댕
3010,C발눔
3011,C발쌕
3012,C발쎅
3013,C벌련
3014,C엠
3015,DABANG
3016,DAMN
3017,DAMOIMSEX
3018,DDUK
3019,DOGFUCK
3020,DOG새끼
3021,DOSEX
3022,DOUMI
3023,D랄
3024,D지고싶냐
3025,D질
3026,D질래
3027,ERO
3028,ERO2030
3029,ERO69
3030,EROASIA
3031,EROCINE
3032,EROSASIA
3033,EROSIAN
3034,EROSTYLE
3035,ⓔ반
3036,FANTADREAM
3037,FEALLATIO
3038,FEMSUB
3039,FETISH7
3040,FETISHWOMAN
3041,FUXK
3042,FUXKU
3043,FUXKYOU
3044,FXXK
3045,"G,M"
3046,G.M
3047,GABOZI
3048,GAGASEXY
3049,GAMEMASTER
3050,GAME마스터
3051,GANGBANG
3052,GANGSHAQ
3053,GE랄
3054,GIM
3055,GI랄
3056,GM카프라
3057,GOCINEPIA
3058,GOJASEX
3059,GORE
3060,G랄
3061,G엠
3062,HADURI
3063,HADURICAM
3064,HANARO인터넷
3065,HARDCORE
3066,HARDCOREPORNO
3067,HARDCORERORNO
3068,HETAIMANGA
3069,HIDDEN
3070,HOMPY
3071,HOSTMASTER
3072,HOTBOJI
3073,HOTBOJY
3074,HOTBOZI
3075,HOTBOZY
3076,HOTSEX
3077,HOTSEXKOERA
3078,HOTSEXKOREA
3079,HTTP://WWW.FAM.CO.KR
3080,HTTP://WWW.GSTING.CO.KR
3081,HTTP://WWW.GSTING.CO.KR/
3082,I 6 4 4
3083,I 6 44
3084,I 64 4
3085,I 644
3086,I6 4 4
3087,I6 44
3088,I64 4
3089,I644
3090,IJSEX
3091,IJ에로쇼
3092,ILOVESEX
3093,INFO
3094,JAJY
3095,JAMJI
3096,JASAL
3097,JCB
3098,JE랄
3099,JFANTASY
3100,JIRAL
3101,JI롤
3102,JJTV
3103,JOUNGYANG
3104,JUKEON
3105,JUNGYANG
3106,JYRAL
3107,JY랄
3108,KGIRLMOLCA
3109,KGIRLS
3110,KINGSEX
3111,KINSEX
3112,KMOVIE
3113,KOREA포르노
3114,KRTV
3115,KR포르노
3116,KSEX
3117,KSEX.NET
3118,K포르노
3119,K-포르노
3120,l 6 4 4
3121,l644
3122,LG 파워곰
3123,LG파워곰
3124,LIVE10TV
3125,LIVE69TV
3126,MANABOZI
3127,MANGA
3128,MARKETING
3129,MASTER
3130,MC줴앙
3131,ME첸
3132,ME친넘
3133,ME친년
3134,ME친놈
3135,ME친뇬
3136,ME친눔
3137,MI첸
3138,MI췬
3139,MI친넘
3140,MI친년
3141,MI친놈
3142,MI친뇬
3143,MI친눔
3144,MOLCAAV
3145,MOLCACD
3146,MOLCAM
3147,MOLCANARA
3148,MOLCAPARTY
3149,MOLCAPORNOTV
3150,MOLCASEX
3151,MOLCASEXNIPON
3152,MOLCATV
3153,MOLCA섹스
3154,MOLCA섹스코리아
3155,MOLCA쎅스
3156,MOLCA테이프
3157,MOLCA포르노
3158,MOLCA포르노소라가이드
3159,MRCONDOM
3160,MULYOSEX
3161,NALLARI
3162,NOC
3163,NOMO
3164,NOODE
3165,NOPANTS
3166,NO에
3167,NO예
3168,NUDCOUPLE
3169,NUDLNUDE
3170,N조E
3171,O6O
3172,Ｏ６Ｏ
3173,ⓞ6ⓞ
3174,ⓞ⑥ⓞ
3175,ONECLICK
3176,ONECLLCKPAY
3177,ORALESXTV
3178,ORALSEX
3179,ORALSEXTV
3180,P1MANG
3181,PENNIS
3182,PENTHOUSE
3183,PETISH
3184,PHONESEC
3185,PHONESEX
3186,PHONE색
3187,PHONSEC
3188,PHONSEK
3189,PHONSEX
3190,PJ
3191,PLAYBOG
3192,PLAYBOJI
3193,PLAYBOJY
3194,PLAYBOY
3195,PLAYBOZI
3196,PLAZA
3197,PLEYBOG
3198,PLEYBOY
3199,PNNANG
3200,PONDO
3201,PONS
3202,PONSEC
3203,PONSEK
3204,PONZ
3205,PORN
3206,PORNER
3207,PORNOBOZI
3208,PORNOMANA
3209,PORNOPLAYBOY
3210,PORNO바다
3211,PORNO애니
3212,PORNSEX
3213,PORONO
3214,PORONOCOM
3215,PORONOSEX
3216,PORONO바다
3217,PORONO애니
3218,PORONO콤
3219,POWERCOM
3220,POWER콤
3221,PRNO
3222,PRONHUP
3223,PRONOBOJI
3224,PRONOBOJY
3225,PRONOBOZI
3226,PRONOBOZY
3227,PRONOMANA
3228,PRONOPLAYBOY
3229,PS2
3230,PS파트너
3231,QMANG
3232,QUDTLS
3233,REALXX
3234,ⓡⓞⓞⓜ
3235,ROOT
3236,ROTOrL
3237,ROTPrL
3238,RUNSEX
3239,R바
3240,S2X
3241,SECMA
3242,SEKMA
3243,SESBBS
3244,SⓔX
3245,ⓢEX
3246,⒮⒠⒳
3247,SEX123
3248,SEX18
3249,SEX1818
3250,SEX4969
3251,SEXBBS
3252,SEXBOARD
3253,SEXBUIN
3254,SEXCOREA
3255,SEXEROS
3256,SEXGOODS
3257,SEXHANGAME
3258,SEXJAPAN
3259,SEXJJ
3260,SEXKOREA
3261,"SEXKOREA,NET"
3262,SEXKOREA.COM
3263,SEXKOREA.NET
3264,SEXKOREA21
3265,SEXMAP
3266,SEXMAXX
3267,SEXMOLCA
3268,SEXMOLCAM
3269,SEXMOLKA
3270,SEXMOVIE
3271,SEXMUSA
3272,SEXNIPON
3273,SEXPDS
3274,SEXPIA
3275,SEXPORNO
3276,SEXSEXY
3277,SEXSHOP
3278,SEXTNMALL
3279,SEXTV
3280,SEXWAL
3281,"SEXWALL.CO,"
3282,SEXWALL.COM
3283,SEXWAREZ
3284,SEXXMOLCATV
3285,SEXYADONG
3286,SEXYCLIK
3287,SEXYJAPAN
3288,SEXYMAP
3289,SEXYNMALL
3290,SEXYSOUL
3291,SEXYX
3292,SEXY화상채팅
3293,SEX로리
3294,SEX로리타
3295,SEX쇼타
3296,SEX쇼타콘
3297,SE엑스
3298,SIFAL
3299,SI뻘
3300,SORAGUIDE
3301,SORASEX
3302,SORASGUIDE
3303,SORA'SGUIDE
3304,SORASGUIDE.COM
3305,SOSEX
3306,SOSSEX
3307,SPANKIG
3308,SPANKING
3309,SRILANKASEX
3310,SSIFAL
3311,SSIPAL
3312,SUNGINSITE
3313,SWAP
3314,SYLIVASAINT
3315,SYSOP
3316,S파트너
3317,S하E자X
3318,S하고E싶다X
3319,TACHY
3320,TITS
3321,TLQKF
3322,tLQTOrL
3323,tLQTPrLDI
3324,TLVKFSUSDK
3325,TVBOJE
3326,TVBOJI
3327,TVBOJY
3328,TVBOZI
3329,TV플레이보이
3330,TWISTKIM
3331,TWISTKIM.COM
3332,USENET
3333,UUCP
3334,VIVA포르노
3335,VULVA
3336,WEBMASTER
3337,WEBXXX
3338,WHTTHEFUCK
3339,WHTTHEFUXK
3340,WKTKF
3341,WONJOSEX
3342,WORLDSEX
3343,WWW
3344,WWW.CAMSEE.CO.KR
3345,WWW.GSTING.CO.KR
3346,WWW.PIC-K.COM/TMP/51.HTML
3347,WWW.PORNO
3348,WWW.SEX123.CO.KR
3349,WWW.SEXKOERA.NET
3350,WWW.SEXKOREA.NET
3351,WWW.SEXWAL.COM
3352,WWW.TWISTKIM.COM
3353,XXX비디오
3354,XXX테이프
3355,XXX포르노
3356,XXX할
3357,XX할
3358,X넘
3359,X년
3360,X눔
3361,X대가리
3362,X동
3363,X등급
3364,X살
3365,X섹X스X해X
3366,YADONGCLUB
3367,YADONGMOLCA
3368,YADONGMOLCAM
3369,YAHANBOZI
3370,YAHANNOM
3371,YASINE
3372,YESMOLCA
3373,YESSEX
3374,YOUNGSEX
3375,ZAJY
3376,ZAJY털
3377,ZAMJY
3378,ZAMZI
3379,ZAMZY
3380,ZA지털
3381,ZE랄
3382,ZI랄
3383,ZMSAL
3384,ZOTTE
3385,Z랄
3386,Zㅣ랄
3387,ストキング
3388,はいた
3389,ㄱ H ㅅ H ㄲ I
3390,ㄱ ㅐ ㅅ ㅐ ㄱ ㅣ
3391,ㄱ ㅐ ㅅ ㅐ ㄲ ㅣ
3392,ㄱH뇬
3393,ㄱHㅅHㄲI
3394,ㄱROR슴
3395,ㄱR슴
3396,ㄱRㅇR슴
3397,ㄱㅐㄱㅏ
3398,ㄱㅐㄱㅣㄴㅑ
3399,ㄱㅐ가
3400,ㄱㅐ넘
3401,ㄱㅐ년
3402,ㄱㅐ놈
3403,ㄱㅐ뇬
3404,ㄱㅐ눔
3405,ㄱㅐ늠
3406,ㄱㅐㅅㅐㄱㅣ
3407,ㄱㅐㅅㅐㄲㅣ
3408,ㄱㅐㅅㅐ끼
3409,ㄱㅐㅅㅑ
3410,ㄱㅐ새ㄲㅣ
3411,ㄱㅐ새끼
3412,ㄱㅐ조옷
3413,ㄱㅐ지랄
3414,ㄱㅣ집애
3415,가숨
3416,㉮숨
3417,가숨만져
3418,가숨빨아
3419,가숨조물딱
3420,가숨주물락
3421,가숨주물럭
3422,가숨쪼물딱
3423,가슘
3424,가슘만져
3425,가슘빨아
3426,가슘조물딱
3427,가슘주물락
3428,가슘주물럭
3429,가슘쪼물딱
3430,가스미
3431,가슴조물딱
3432,가슴주물락
3433,가슴할타
3434,가슴할터
3435,가입 시 3
3436,가입 시 3개월
3437,가입 시3
3438,가입시3
3439,가입시3개월
3440,간통
3441,갈켜줄녀
3442,갈켜줄여
3443,개/새
3444,개BOJI
3445,개BOJY
3446,개BOZI
3447,개BOZY
3448,개BO쥐
3449,개BO즤
3450,개BO지
3451,개JA쥐
3452,개JA즤
3453,개JA지
3454,개가턴넘
3455,개가턴년
3456,개가턴놈
3457,개가턴뇬
3458,개가턴눔
3459,개가툰
3460,개가툰넘
3461,개가툰년
3462,개가툰놈
3463,개가툰뇬
3464,개가툰눔
3465,개가튼눔
3466,개가튼련
3467,개같은녀
3468,개같은눔
3469,개같은련
3470,개같은새끼
3471,개같은새퀴
3472,개같은세뀌
3473,개같은세끼
3474,개같은세퀴
3475,개너마
3476,개너므새끼
3477,개너므세끼
3478,개너므쌔끼
3479,개넘
3480,개넘새퀴
3481,개넘아
3482,개노마
3483,개노무새끼
3484,개노무세끼
3485,개노무쌔끼
3486,개놈아
3487,개뇨나
3488,개뇨니
3489,개뇬이
3490,개뇸
3491,개뇽
3492,개눔
3493,개눔아
3494,개느마
3495,개늠
3496,개도라이
3497,개때꺄
3498,개때끼
3499,개또라이
3500,개라슥
3501,개병식
3502,개병신
3503,개보G
3504,개보JY
3505,개보Z
3506,개보ZI
3507,개보ZY
3508,개보쥐년
3509,개보쥐련
3510,개보지련
3511,개부달
3512,개부알
3513,개뼈다구
3514,개뼈다귀
3515,개뼉다구
3516,개뼉따구
3517,개ㅅㅐㄲㅣ
3518,개새ㄲㅣ
3519,개새리
3520,개새야
3521,개새이
3522,개새캬
3523,개새킹
3524,개색
3525,개샛키
3526,개샛킹
3527,개샠
3528,개샤끼
3529,개샤키
3530,개샤킥
3531,개샥
3532,개세기
3533,개세리
3534,개섹
3535,개섺
3536,개셃
3537,개셋키
3538,개셐
3539,개소리
3540,개솩
3541,개쇄
3542,개쇄꺄
3543,개쇄끼
3544,개쇅
3545,개쇅갸
3546,개쇅기
3547,개쇅꺄
3548,개쇅끼
3549,개쇅캬
3550,개쇅키
3551,개쇗
3552,개쇗갸
3553,개쇗기
3554,개쇗꺄
3555,개쇗리
3556,개쇠
3557,개쇠끼
3558,개쇠리
3559,개쇸
3560,개수작
3561,개쉐
3562,개쉐갸
3563,개쉐꺄
3564,개쉐끼
3565,개쉐키
3566,개쉑갸
3567,개쉑기
3568,개쉑꺄
3569,개쉑끼
3570,개쉑이
3571,개쉑캬
3572,개쉑키
3573,개쉑히
3574,개쉢
3575,개쉨
3576,개쉬리
3577,개쉻
3578,개슉끼
3579,개슉키
3580,개스끼
3581,개스래기
3582,개스레기
3583,개스키
3584,개싀기
3585,개싀끼
3586,개싀밸
3587,개싀킈
3588,개싀키
3589,개싏
3590,개싘
3591,개식기
3592,개십발년
3593,개십발놈
3594,개십발눔
3595,개십발늠
3596,개십발련
3597,개십보지
3598,개싯기
3599,개싯끼
3600,개싯키
3601,개싸발자슥
3602,개쌍
3603,개쌍넘
3604,개쌍뇬
3605,개쌍눔
3606,개쌍늠
3607,개쌍도라이
3608,개쌍련
3609,개쌍연
3610,개쌍영
3611,개쌔
3612,개쌔꺄
3613,개쌔끼
3614,개쌕
3615,개쌕끼
3616,개썅
3617,개썅넘
3618,개썅놈
3619,개썅뇬
3620,개썅눔
3621,개썅늠
3622,개썅도
3623,개썅디언
3624,개썅또라이
3625,개썅련
3626,개썅연
3627,개썅영
3628,개쎅
3629,개쐐끼
3630,개쐐리
3631,개쒜끼
3632,개쒝
3633,개쒝갸
3634,개쒝기
3635,개쒝꺄
3636,개쒝끼
3637,개쒝캬
3638,개쒝키
3639,개쒯
3640,개쒸
3641,개씨끼
3642,개씨발년
3643,개씨발뇬
3644,개씨발늠
3645,개씨발련
3646,개씨빨
3647,개씨팕
3648,개씹발년
3649,개씹발놈
3650,개씹발뇬
3651,개씹발련
3652,개씹아이
3653,개씹팔
3654,개아이
3655,개염창
3656,개욘
3657,개자JY
3658,개자ZI
3659,개자ZY
3660,개자슥
3661,개자싁
3662,개잡늠
3663,개잡련
3664,개젓가튼
3665,개젓가튼년
3666,개젓가튼놈
3667,개젓가튼뇬
3668,개젓가튼늠
3669,개젓같은
3670,개젓같은넘
3671,개젓같은년
3672,개젓같은놈
3673,개젓같은뇬
3674,개젓같은련
3675,개젖가튼
3676,개젖같은
3677,개젖같은년
3678,개젖같은놈
3679,개젖같은뇬
3680,개젖같은늠
3681,개젖같은련
3682,개조랄
3683,개조옷
3684,개족
3685,개좃같은
3686,개좃같은년
3687,개좃같은놈
3688,개좃같은련
3689,개좃같은새끼
3690,개좆같은년
3691,개좆같은련
3692,개좆같은새끼
3693,개좇같은년
3694,개좇같은놈
3695,개좇같은련
3696,개좇같은새끼
3697,개좝
3698,개줌마
3699,개쥐랄
3700,개즤랄
3701,개지랄년
3702,개찌질이
3703,개토라이
3704,개허접보지
3705,개허접자지
3706,개혁신당
3707,개호로세끼
3708,개후랄
3709,개후레
3710,개후장
3711,갮샚낎
3712,갮쌦낎
3713,갸숨
3714,갸슴
3715,걔잡놈
3716,걸래
3717,걸래같은
3718,걸래같은놈
3719,걸레
3720,게가튼
3721,게같은
3722,게너마
3723,게노마
3724,게뇨나
3725,게뇸
3726,게뇽
3727,게눔
3728,게띠발넘
3729,게부랄
3730,게부알
3731,게새리
3732,게샛키
3733,게섹놈아
3734,게셋키
3735,게스끼
3736,게스키
3737,게시퀴
3738,게싯끼
3739,게쌔기
3740,게쌕끼?
3741,게이바
3742,게임MASTER
3743,게임마스터
3744,게자시
3745,게젓
3746,계뇬
3747,계뇽
3748,계약동거
3749,계약애인
3750,계약앤
3751,고공섹스
3752,고우섹스
3753,고추짱
3754,고패티쉬
3755,골갑
3756,공육공
3757,공짜버그
3758,공짜캐쉬
3759,공짜캐시
3760,과부촌
3761,광뇨늬
3762,광뇨니
3763,광뇬
3764,교환부부
3765,구멍에쑤실까
3766,국가혁명당
3767,국제성인마트
3768,굴래머
3769,굴램
3770,굴레머
3771,굿섹스클럽
3772,귀두대가리
3773,그거하고파
3774,그거할남
3775,그거할녀
3776,그거할사람
3777,그거할여
3778,그년
3779,그지새끼
3780,그지새키
3781,그지좃밥
3782,그지좃빱
3783,그지좆밥
3784,글래머
3785,글래머샵
3786,글레머
3787,기본소득당
3788,기엉아
3789,기집년
3790,기집애
3791,기집에
3792,기형아
3793,까대
3794,까발려
3795,까발리
3796,까진년
3797,깜둥이
3798,깝쳐
3799,깝쵸
3800,깝치냐
3801,깝치네
3802,깝친
3803,깝친다
3804,깝칠래
3805,깨디얼려
3806,깨디올려
3807,깨때꺄
3808,깨때끼
3809,깨띠얼려
3810,깨띠올려
3811,깨쉑
3812,깨쉬얼려
3813,깨쉬올려
3814,깨시얼려
3815,깨쌔꺄
3816,깨쌔끼
3817,깸비
3818,꺼벙이
3819,꺼어저
3820,꺼어저라
3821,꺼어져
3822,꺼어져라
3823,꺼져
3824,꼬라바
3825,꼴캅
3826,꼴통
3827,꼽냐
3828,꽁까
3829,끄져
3830,끄지라
3831,ㄴㅏ뿌운
3832,ㄴㅏ뿌은
3833,ㄴㅏ뿐
3834,ㄴㅏ쁜
3835,ㄴㅔ즈
3836,ㄴㅕ
3837,ㄴㅣㅇㅐㅁㅣ
3838,ㄴㅣㅇㅣㅁㅣ
3839,나를싸게
3840,나를흥분
3841,나뿌운
3842,나쁘은
3843,나쁜년
3844,나쁜뇬
3845,나아뿐
3846,나아쁀
3847,나아쁜
3848,나체
3849,남녀섹시속옷
3850,남녀자위기구
3851,남성단련용품
3852,남성자위기구
3853,내미랄
3854,네버섹스
3855,네에미
3856,넴병
3857,년놈
3858,년아
3859,년의자식
3860,노노무라
3861,노란국물
3862,노랑국물
3863,노콘
3864,농아
3865,누두
3866,누드몰카
3867,누드뮤직
3868,누드사진
3869,누드섹스
3870,누드쇼
3871,누드스케치
3872,누드집
3873,누드천사
3874,누드커플
3875,누드클럽
3876,누드필름
3877,누드화보
3878,뉘미롤
3879,뉘이미
3880,뉘잉기미
3881,느검마
3882,늬기미
3883,니귀미
3884,니미롤
3885,니미를
3886,니보지
3887,니ㅇㅐ미
3888,니엠
3889,니이미
3890,닌.텐.도
3891,닌텐도
3892,님이랄
3893,ㄷㄷㅣ발
3894,ㄷㅓㄴ
3895,다리벌려
3896,다리벌리
3897,다보자성인영화관
3898,다음섹스
3899,다이섹스
3900,닥치셔
3901,단란주점
3902,대박성인토탈몰
3903,대줄년
3904,대포통장
3905,대포폰
3906,댕새끼
3907,댕새리
3908,댕세리
3909,댕소리
3910,더티섹스
3911,던주꾸마
3912,덥치기
3913,덥침
3914,덩신
3915,덮침
3916,데져라
3917,데진다
3918,데질래
3919,도그플
3920,도라이
3921,도란년
3922,도른것
3923,도른넘
3924,도른년
3925,도른뇬
3926,도른뇸
3927,도우미
3928,도우미800
3929,도쿄섹스
3930,도쿄섹스NIPON
3931,돈선불
3932,돌은것
3933,돌은년
3934,돌은놈
3935,돌은뇬
3936,돌은뇸
3937,돌흔
3938,돔만남
3939,돔알지
3940,돔줘요
3941,돼진다
3942,되가리
3943,됻밥
3944,두두섹스
3945,둥신
3946,뒈지
3947,뒤길넘
3948,뒤길놈
3949,뒤로너어줘
3950,뒤져라
3951,뒤즬
3952,듀ㄱㅓ
3953,듀거
3954,듀글래
3955,드응신
3956,등급보류성인영화관
3957,등띤
3958,등씬
3959,듸랄
3960,듸뢀
3961,듸즬
3962,듸진다
3963,딍싄
3964,딍신
3965,디랄
3966,디럴
3967,디뢀
3968,디봘
3969,디ㅈㅕ
3970,디저
3971,디지털섹스조선
3972,딥닥ㅊㅕ
3973,딥콜
3974,딩구
3975,딩쉰
3976,딩신
3977,ㄸㅏㄹ중
3978,ㄸㅣ발
3979,ㄸㅣ부랄
3980,ㄸㅣ부럴
3981,따먹혀줄래
3982,따이고시퍼
3983,딱지떼자
3984,딱쳐
3985,딱쵸
3986,딱치셔
3987,딸치
3988,때꺄
3989,떠라이
3990,떡걸
3991,떨아이
3992,떵개
3993,떵싸구
3994,또ㄹㅏㅇㅣ
3995,또ㄹㅏ이
3996,똘라이
3997,똘른놈
3998,똘뱅이
3999,똘봉년
4000,똥개
4001,똥고
4002,뛰발
4003,뛰봘
4004,뜁새
4005,뜨건밤
4006,뜨발
4007,뜨벌
4008,띄랄
4009,띄발
4010,띄밸
4011,띄뱅
4012,띄벨
4013,띕알
4014,띠랄
4015,띠바
4016,띠박
4017,띠발
4018,띠방
4019,띠밸
4020,띠벌
4021,띠벨
4022,띠부랄
4023,띠부럴
4024,띠불
4025,띠붕
4026,띠뷀
4027,띠브랄
4028,띠브럴
4029,띠블
4030,띠이바
4031,띠이발
4032,띠이방
4033,띠이밸
4034,띠이벌
4035,띠이불
4036,띠이붕
4037,띠이팔
4038,띠이펄
4039,띠이풀
4040,띠팔
4041,띠펄
4042,띠풀
4043,띱때
4044,띱뽕
4045,띱뿡
4046,띱새
4047,띱세
4048,띱쎄
4049,ㄹ1
4050,ㄹㅔ즈
4051,라노비아섹스샵
4052,라이브섹스
4053,라이브스트립
4054,러브모텔
4055,러브박사성인용품
4056,러브베드
4057,러브섹시클럽
4058,러브하자성인용품
4059,러브호텔
4060,러시아걸
4061,레드섹스TV
4062,레아뒤
4063,레즈바
4064,레즈비언바
4065,로리타
4066,롤리타
4067,룸메이트
4068,룸사롱
4069,룸살롱
4070,룸쌀롱
4071,리얼섹
4072,리얼섹스플레이
4073,리얼에로
4074,립서비스
4075,링기미
4076,ㅁL친
4077,ㅁㅜㄹㅛ
4078,ㅁㅣㅊㅣ넘
4079,ㅁㅣ첸년
4080,ㅁㅣ쳤
4081,ㅁㅣ치넘
4082,ㅁㅣ친
4083,ㅁㅣ친넘
4084,마니아섹스
4085,마앙가
4086,마이세이담당
4087,마이세이운영
4088,막간뇸
4089,만or
4090,만져볼래
4091,만져주께
4092,만져줄년
4093,만져줄분
4094,만져줘
4095,만지고파
4096,만지는중
4097,만지면커진다
4098,만화보지
4099,맛간뇸
4100,망가
4101,亡가
4102,望가
4103,망가짱
4104,망나니
4105,맞간년
4106,매드피아
4107,매친
4108,매틘
4109,맬섭
4110,머니올려요
4111,머니헌터
4112,머라빠너
4113,머라빠노
4114,멍소리
4115,멍텅
4116,메둥
4117,메롱
4118,메친
4119,메틘
4120,멜돔
4121,모노섹스
4122,몰래보기
4123,몰래카메라
4124,몰래캠코더
4125,몸캠
4126,몸켐
4127,뫙가
4128,무료망가
4129,무료몰카
4130,무료성인
4131,무료성인동영상
4132,무료성인만화
4133,무료성인방송
4134,무료성인싸이트
4135,무료성인엽기
4136,무료성인영화
4137,무료성인정보
4138,무료섹스
4139,무료섹스동영상
4140,무료섹스사이트
4141,무료야설
4142,무료이벤트
4143,무료포르노
4144,무료포르노동영상
4145,무삭제원판
4146,무전망가
4147,물확뺄
4148,뭐칀
4149,뭐퀼래
4150,뭐클래
4151,뮈칀
4152,뮈칀세끼
4153,뮈칀세리
4154,뮈칀섹끼
4155,뮈칀쉐이
4156,뮈친세리
4157,뮈친섹끼
4158,뮈친섹이
4159,뮈친쉑이
4160,믜칀
4161,믜칑
4162,믜칭
4163,믜칭넘
4164,믜튄
4165,믜틘
4166,믜틴
4167,미국포르노
4168,미륀
4169,미륀놈
4170,미린넘
4171,미린년
4172,미소녀섹스가이드
4173,미스누드
4174,미스터콘돔
4175,미쎄스터
4176,미씨촌
4177,미진놈
4178,미진뇬
4179,미찬놈
4180,미첫
4181,미첸년
4182,미쳤
4183,미춘
4184,미췐
4185,미췬세끼
4186,미췬쉐리
4187,미췽
4188,미츤
4189,미칑
4190,미치넘
4191,미치년
4192,미치뇬
4193,미친세리
4194,미친섹이
4195,미친쉑이
4196,미친자식
4197,미칧
4198,미튼
4199,미틘
4200,미틩
4201,민셩야설
4202,민증위조
4203,및친
4204,밑친
4205,ㅂ ㅏ ㅂ ㅗ
4206,ㅂㄱ술
4207,㉥㉥ㅏ
4208,ㅂㅂㅏ구ㄹㅣ
4209,ㅂㅂㅏ구리
4210,ㅂㅓ
4211,㉥ㅓ㉧ㅕ
4212,ㅂㅓ즤
4213,ㅂㅕㄴ
4214,ㅂㅕㄴㅌㅐ
4215,ㅂㅕ언
4216,ㅂㅕ잉신
4217,바구리
4218,바보탱이
4219,바부탱이
4220,바이브레이터
4221,박고빼고
4222,박은애
4223,발넘
4224,발ㅂㅏㅂㅓ
4225,발ㅂㅏ부
4226,발ㅂㅏ브
4227,발바버
4228,발바부
4229,발바브
4230,밟ㅇㅏㅂㅓ
4231,밟아버
4232,밟아부
4233,밟아브
4234,밤일
4235,밥팅
4236,배위에싸죠
4237,배째
4238,백보디
4239,백조JY
4240,밸년
4241,밸놈
4242,뱅쉰
4243,뱅싄
4244,뱅시
4245,뱅신
4246,뱅틴
4247,뱡신
4248,버그프로그램
4249,버얼려서너어
4250,버즤
4251,버케
4252,벅쿠
4253,벅큐
4254,번개남
4255,번색
4256,번섹
4257,번쌕
4258,번쎅
4259,벌렁거려
4260,벌려
4261,벙개남
4262,벙섹
4263,벙신
4264,벙어리
4265,벨년
4266,벨놈
4267,벵쉰
4268,벵싄
4269,벵신
4270,벵틴
4271,벼ㄴ
4272,벼언
4273,벼잉신
4274,변GIR
4275,변GIRL
4276,변T
4277,변YOU녀
4278,변강쇠
4279,변강쐬
4280,변견
4281,변ㄴㅕ
4282,병닥
4283,병딘
4284,병딲
4285,병띤
4286,병삼
4287,병순
4288,병쉔
4289,병싀
4290,병싡
4291,병싢
4292,병싱
4293,병씬
4294,병씮
4295,병엉신
4296,병원놀이
4297,병자
4298,병탁
4299,보Z
4300,보ㅈㅣ
4301,보주ㅣ
4302,보지걸
4303,보지나라
4304,보지당
4305,보지벌
4306,보지보지
4307,보짖
4308,보찌
4309,본디지
4310,봉신
4311,봉알
4312,뵝신
4313,뵤즤
4314,뵤지
4315,뵨태
4316,뵹딱
4317,뵹싄
4318,뵹신
4319,부부섹스
4320,부운영
4321,부카케
4322,부킹맨
4323,不건전
4324,불륜
4325,불알
4326,붕딱
4327,붕딲
4328,붕뛴
4329,붕싄
4330,붕시나
4331,붕알
4332,붜지
4333,붱싄
4334,뷍슨
4335,뷍싄
4336,뷍신
4337,뷩쉬
4338,뷩싄
4339,뷰웅신
4340,븅시
4341,븅아
4342,븅틴
4343,브라자
4344,브라쟈
4345,브랄
4346,브레지어
4347,블알
4348,븡딱
4349,븡쉰
4350,븡신
4351,븽딱
4352,븽쉬
4353,븽슨
4354,븽싄
4355,븽시
4356,비됴방
4357,비러머
4358,비러먹
4359,비밀번호를넣으세요
4360,비실명
4361,비용신
4362,비웅신
4363,비잉신
4364,비즈니스클럽
4365,빌어먹
4366,빙구
4367,빙닥
4368,빙뛴
4369,빙ㅅㅣ
4370,빙순
4371,빙쉬
4372,빙싀
4373,빙싄
4374,빙아
4375,빙탁
4376,빙틴
4377,ㅃR
4378,ㅃㅏㄱㅜ
4379,ㅃㅏ구ㄹㅣ
4380,ㅃㅏ구리
4381,ㅃㅏㄹㅏ
4382,ㅃㅏ순
4383,빠걸
4384,빠구ㄹㅣ
4385,빠도리
4386,빠르너
4387,빤쮸리
4388,빨간마후라
4389,빨게해도
4390,빨고시퍼
4391,빨고시포
4392,빨고싶다
4393,빨고싶어
4394,빨고파
4395,빨구시퍼
4396,빨구싶나
4397,빨구싶어
4398,빨아도
4399,빨아봐
4400,빨아봐요
4401,빨아죠
4402,빨아주고싶어
4403,빨아줄게
4404,빨아줄까
4405,빨아줄까요
4406,빨아줄께
4407,빨아줄꼐
4408,빨아줄래
4409,빨아줄수있어
4410,빨아줄여
4411,빨어핥어박어
4412,빨자
4413,빽보디
4414,빽보비
4415,뺑신
4416,뺑쒼
4417,뺑씬
4418,뺘아뻐그리
4419,뺘큐
4420,뻐르나
4421,뻐르너
4422,뻐어큐
4423,뻑가
4424,뻑구
4425,뻘노
4426,뻨규
4427,뻨큐
4428,뼝신
4429,뽀르나
4430,뽀르너
4431,뽀뽀뽀
4432,뽀쥐
4433,뽀지
4434,뽀쮜
4435,뽀큐
4436,뽁큐
4437,뽈노
4438,뽈로노
4439,뽕알
4440,뿅신
4441,뿅씬
4442,뿡알
4443,쀼웅신
4444,쁑신
4445,삐구
4446,삐꾸
4447,삐리넷
4448,삑구
4449,삑꾸
4450,삥쉰
4451,삥쒼
4452,삥씬
4453,ㅅㅅㅣ벨년
4454,ㅅㅅㅣ부랄
4455,ㅅㅅㅣ불얼
4456,ㅅㅏㄱㄱㅏㅅㅣ
4457,ㅅㅏㄱㄱㅏ시
4458,ㅅㅏㄲㅏ
4459,ㅅㅏㄲㅏㅅㅣ
4460,ㅅㅏ까
4461,ㅅㅏ까ㅅㅣ
4462,ㅅㅏ까시
4463,ㅅㅐㄲㅑ
4464,ㅅㅐㄲㅣ
4465,ㅅㅐㄲㅣㅇㅑ
4466,ㅅㅐ꺄
4467,ㅅㅐ뀌
4468,ㅅㅐ끼
4469,ㅅㅔㄱ
4470,ㅅㅔㄲㅣ
4471,ㅅㅔ끼
4472,ㅅㅔ퀴
4473,ㅅㅣ달년
4474,ㅅㅣ박
4475,ㅅㅣ벨
4476,ㅅㅣ빨
4477,ㅅㅣ입팔
4478,ㅅㅣ팍
4479,ㅅㅣ팔
4480,사ㄱㄱㅏㅅㅣ
4481,사ㄱㄱㅏ시
4482,사가리
4483,사가지
4484,사갈탱이
4485,사ㄲㅏ
4486,사ㄲㅏㅅㅣ
4487,사ㄲㅏ시
4488,사까리
4489,사까ㅅㅣ
4490,사까치
4491,사앙뉸
4492,사은금팍팍
4493,사은품증정
4494,사이버섹스
4495,사카치
4496,사회민주당
4497,살인현장
4498,삼룡이
4499,삽입
4500,상넘
4501,상년
4502,상노무
4503,상놈
4504,상뇬
4505,새X
4506,새ㄲㅑ
4507,새로운미래당
4508,새에끼
4509,색ㄲㅣ
4510,색쉬
4511,색스코리아
4512,색ㅋㅑ
4513,색캬
4514,색키
4515,색할
4516,색햐
4517,샊꺄
4518,샙세
4519,생양아치
4520,샠
4521,샤럽
4522,샤불년
4523,샤앙녀
4524,샤앙년
4525,샵년
4526,샹넘
4527,샹논
4528,샹악년
4529,샹악연
4530,서양뽀르노
4531,서양이쁜이
4532,선물증정
4533,性
4534,성게시판
4535,성겨육
4536,성고민상담
4537,성과섹스
4538,성보조기구
4539,성숙녀
4540,성인CD
4541,성인IJ
4542,성인갤러리
4543,성인게시판
4544,성인게임
4545,성인공간
4546,성인그리고섹스
4547,성인극장
4548,성인나라
4549,성인놀이문화
4550,성인누드
4551,성인뉴스
4552,성인대화
4553,성인대화방
4554,성인동영상
4555,성인드라마
4556,성인만화
4557,성인만화나라
4558,성인만화천국
4559,성인망가
4560,성인몰
4561,성인무료
4562,성인무료동영상
4563,성인무료사이트
4564,성인무료영화
4565,성인무비
4566,성인물
4567,성인미스랭크
4568,성인미팅방
4569,성인방
4570,성인방송
4571,성인방송국
4572,성인방송안내
4573,성인별곡
4574,성인비됴
4575,성인비디오
4576,성인사이트
4577,성인사이트소개
4578,성인사진
4579,성인상품
4580,성인생방송
4581,성인샵
4582,성인서적
4583,성인성교육스쿨
4584,성인소녀경
4585,성인소라가이드
4586,성인소설
4587,성인쇼
4588,성인쇼핑
4589,성인쇼핑몰
4590,성인시트콤
4591,성인싸이트
4592,성인애니
4593,성인애니메이션
4594,성인야설
4595,성인야화
4596,성인에로무비
4597,성인에로영화
4598,성인엽기DAMOIM
4599,성인영상
4600,성인영화
4601,성인영화관
4602,성인영화나라
4603,성인영화방
4604,성인영화세상
4605,성인영화천국
4606,성인와레즈
4607,성인용
4608,성인용CD
4609,성인용품도매센터
4610,성인용품샵
4611,성인용품에로존
4612,성인용품전문쇼핑몰
4613,성인용품할인매장
4614,성인유머
4615,성인이미지
4616,성인일본
4617,성인자료
4618,성인자료실
4619,성인잡지
4620,성인전용관
4621,성인전용정보
4622,성인정보
4623,성인채팅
4624,성인챗
4625,성인천국
4626,성인체위
4627,성인카툰
4628,성인카페
4629,성인컨텐츠
4630,성인클럽
4631,성인테이프
4632,성인포탈
4633,성인플래쉬
4634,성인플래시
4635,성인화상
4636,성인화상채팅
4637,성일플래쉬
4638,성체험
4639,성클리닉
4640,세게빨아
4641,세꺄
4642,세뀌
4643,세끠
4644,세븐누드닷컴
4645,세븐섹시
4646,세액스
4647,세에끼
4648,세에쓰
4649,세에엑스
4650,세엑
4651,세엑수우
4652,세엑스
4653,세일러문
4654,세종대왕
4655,세퀴
4656,섹걸닷컴
4657,섹골닷컴
4658,섹도우즈
4659,섹뜨
4660,섹쉬
4661,섹시
4662,섹시TV
4663,섹시WAVE
4664,섹시갤러리
4665,섹시걸
4666,섹시게이트
4667,섹시나라
4668,섹시나이트
4669,섹시누드
4670,섹시뉴스
4671,섹시매거진
4672,섹시맵
4673,섹시무비
4674,섹시사진
4675,섹시샵
4676,섹시성인용품
4677,섹시섹스코리아
4678,섹시스타
4679,섹시신문
4680,섹시씨엔엔
4681,섹시아이제이
4682,섹시에로닷컴
4683,섹시엔TV
4684,섹시엔몰
4685,섹시연예인
4686,섹시재팬
4687,섹시조선
4688,섹시존
4689,섹시짱
4690,섹시촌
4691,섹시코디
4692,섹시코리아
4693,섹시클럽
4694,섹시클릭
4695,섹시팅하자
4696,섹시팬티
4697,섹티즌
4698,섹하구
4699,섹한번
4700,섹할
4701,센스디스
4702,셁기
4703,쇄기
4704,쇄끼
4705,쇅끼
4706,쇅수
4707,쇅스
4708,쇅쑤
4709,쇅쓰
4710,쇍끼
4711,쇗키
4712,쇼걸클럽
4713,쇼우망가
4714,쇼킹
4715,쇼킹동영상
4716,쇼킹섹스
4717,쇼킹섹스코리아
4718,쇼킹에로
4719,쇼타
4720,쇼타콘
4721,수타킹
4722,수퍼맨
4723,숙모보지
4724,숩삭키
4725,쉐리
4726,쉐이
4727,쉐이빙
4728,쉑갸
4729,쉑꺄
4730,쉑수
4731,쉑스
4732,쉑쑤
4733,쉑쓰
4734,쉑이들
4735,쉑캬
4736,쉑히
4737,쉡세
4738,쉨기
4739,쉨끼
4740,쉨캬
4741,쉨키
4742,쉬바
4743,쉬방
4744,쉬방쉐이
4745,쉬뱅
4746,쉬벧
4747,쉬볼
4748,쉬봘
4749,쉬붕
4750,쉬빌
4751,쉬빠??
4752,쉬빡
4753,쉬빨
4754,쉬빵세이
4755,쉬이바
4756,쉬이방
4757,쉬이밸
4758,쉬이불
4759,쉬이붕
4760,쉬이빡
4761,쉬이빨
4762,쉬이풀
4763,쉬팕
4764,쉬팛
4765,쉬팡
4766,쉬풀
4767,쉭빨
4768,쉭뻘
4769,쉭셰리
4770,쉭팔
4771,쉻알
4772,쉽ㅅㅐ
4773,쉽ㅅㅔ
4774,쉽생구리
4775,쉽샤퀴
4776,쉽셋
4777,쉽쌔
4778,쉽쎅
4779,쉽알
4780,쉽앨
4781,쉽탱
4782,쉽할이
4783,쉿새
4784,쉿세
4785,스너프
4786,스발
4787,스벨
4788,스쿨걸
4789,스킨쉽
4790,스타씹기
4791,스타킹
4792,스패킹
4793,스팽
4794,스팽킹
4795,스펄
4796,습팔
4797,싀발
4798,싀방
4799,싀밸
4800,싀벌
4801,싀벨
4802,싀봉
4803,싀빨
4804,싀팍
4805,싀팔
4806,싁팍
4807,싑년
4808,싑샤퀴
4809,싑세
4810,싑알
4811,싑앨
4812,싑얄
4813,싑질
4814,싓팔
4815,시글년
4816,시끼
4817,시달년
4818,시댕
4819,시댕아
4820,시댕이
4821,시뎅
4822,시뎅아
4823,시땡이
4824,시바
4825,시박
4826,시밝
4827,시밠
4828,시밣
4829,시방새
4830,시방세
4831,시방쉐
4832,시밮
4833,시밯
4834,시뱅
4835,시뱔
4836,시뱜
4837,시벵
4838,시봘
4839,시봟
4840,시부리
4841,시붕
4842,시뷀
4843,시블
4844,시빌
4845,시빨
4846,시아눔
4847,시앙넘
4848,시앙년
4849,시앙놈
4850,시앙눔
4851,시양넘
4852,시양년
4853,시양놈
4854,시양눔
4855,시엠
4856,시이발
4857,시이방
4858,시이밸
4859,시이벌
4860,시이불
4861,시이붕
4862,시이빡
4863,시이팔
4864,시이펄
4865,시이풀
4866,시입팔
4867,시팍
4868,시팍새끼
4869,시팏
4870,시팕
4871,시팗
4872,시팤
4873,시펑
4874,시퐉
4875,시퐐
4876,식팍
4877,식팔
4878,신마담
4879,실리콘하우스성인용품
4880,싫팛늠
4881,심야TV
4882,심한포르노
4883,십8
4884,십녀
4885,십놈
4886,십때꺄
4887,십때끼
4888,십떼끼
4889,십발새끼
4890,십발쌔꺄
4891,십밸
4892,십새
4893,십새캬
4894,십색
4895,십세리
4896,십세이
4897,십셰리
4898,십쇄리
4899,십쇡기
4900,십쉐
4901,십쉐리
4902,십쉑히
4903,십쎄끼
4904,십앋
4905,십왈
4906,십좌지
4907,십지랄
4908,십지럴
4909,십질
4910,십탱
4911,십탱구리
4912,십탱꾸리
4913,십팔
4914,십팔련
4915,십팔연
4916,십할
4917,십할년
4918,십할련
4919,싮샚낎
4920,싯빨
4921,싯팔
4922,싯퐐
4923,싱발
4924,싲팔
4925,싴팔
4926,싵팔
4927,싶알
4928,싶팔
4929,ㅆ1
4930,ㅆ1발
4931,ㅆ1팔
4932,ㅆI
4933,ㅆl
4934,ㅆL팔
4935,ㅆㅂ
4936,ㅆㅂㄹㅁ
4937,ㅆㅂㄻ
4938,ㅆ엘
4939,ㅆㅏㄲㅏ
4940,ㅆㅔㄱ
4941,ㅆㅖㄲㅣ
4942,ㅆㅖ끼
4943,ㅆㅣ발
4944,ㅆㅣ벨년
4945,ㅆㅣ부랄
4946,ㅆㅣ불년
4947,ㅆㅣ불얼
4948,ㅆㅣ블년
4949,싸갈
4950,싸달
4951,싸발
4952,싸발년
4953,싸뱔
4954,싸앙넘
4955,싸앙녀
4956,싸앙년
4957,싸앙눔
4958,싸앙뉸
4959,싸앙늠
4960,싸이커
4961,싸줄께
4962,싹년
4963,싹수
4964,싹쓰리닷컴
4965,싹아쥐
4966,싹아지
4967,쌈치기
4968,쌉년
4969,쌍넌
4970,쌍노무
4971,쌍뇨나
4972,쌍뇸
4973,쌍뇽
4974,쌍뉸
4975,쌍악연
4976,쌍연
4977,쌔까
4978,쌔꺄
4979,쌔끼
4980,쌔리
4981,쌔밸년
4982,쌔캬
4983,쌔키
4984,쌤통
4985,쌩MOLCA
4986,쌩몰카
4987,쌩보지
4988,쌩보지쑈
4989,쌩포르노
4990,쌰갈탱
4991,쌰럽
4992,쌰앙넘
4993,쌰앙녀
4994,쌰앙년
4995,쌰앙눔
4996,쌰앙뉸
4997,쌰앙늠
4998,썁색
4999,썁슥
5000,썁식
5001,썌꺄
5002,써글
5003,써글넘
5004,써글년
5005,써글놈
5006,써글눔
5007,써글늠
5008,써벌
5009,썩을넘
5010,썩을년
5011,썩을놈
5012,썩을눔
5013,썩을늠
5014,쎄끈한
5015,쎄럽
5016,쎄엑
5017,쎅
5018,쎼ㄲㅣ
5019,쎼끼
5020,쎽스
5021,쐉넘
5022,쐉년
5023,쐑갸
5024,쐑꺄
5025,쐑수
5026,쐑스
5027,쐑쑤
5028,쐑쓰
5029,쐑캬
5030,쑤벌
5031,쑵년
5032,쑵새
5033,쒜럽
5034,쒜리
5035,쒝기
5036,쒝끼
5037,쒝수
5038,쒝스
5039,쒝쑤
5040,쒝쓰
5041,쒝캬
5042,쒭새
5043,쒸댕아
5044,쒸바라
5045,쒸방
5046,쒸방쉐이
5047,쒸부
5048,쒸붕
5049,쒸빠
5050,쒸빨
5051,쒸빨넘
5052,쒸빵
5053,쒸빵세이
5054,쒸뻘
5055,쒸이바
5056,쒸이방
5057,쒸이밸
5058,쒸이부
5059,쒸이붕
5060,쒸이빡
5061,쒸이빨
5062,쒸이풀
5063,쒸입새
5064,쒸펠
5065,쒸폴
5066,쒸풀
5067,쒸풍
5068,쓉년
5069,쓉발
5070,쓉새
5071,쓉알
5072,쓉질
5073,쓉창
5074,쓉탱
5075,쓋빨
5076,쓋뻘
5077,쓋파라
5078,쓋팍
5079,쓰글
5080,쓰글넘
5081,쓰글년
5082,쓰글놈
5083,쓰글늠
5084,쓰댕
5085,쓰델
5086,쓰뎅
5087,쓰레기
5088,쓰바
5089,쓰바쌔끼
5090,쓰박
5091,쓰발
5092,쓰발넘
5093,쓰발세꺄
5094,쓰발세끼
5095,쓰발쌔꺄
5096,쓰밝
5097,쓰방
5098,쓰밸
5099,쓰버
5100,쓰벌
5101,쓰볼
5102,쓰봉
5103,쓰봘
5104,쓰부
5105,쓰불
5106,쓰붕
5107,쓰뷀
5108,쓰브럴
5109,쓰블
5110,쓰빡
5111,쓰뺄
5112,쓰으방
5113,쓰으벌
5114,쓰이바
5115,쓰이발
5116,쓰이방
5117,쓰이밸
5118,쓰이벌
5119,쓰이부
5120,쓰이불
5121,쓰이붕
5122,쓰이빡
5123,쓰이팔
5124,쓰이펄
5125,쓰이풀
5126,쓰파
5127,쓰팍
5128,쓰팔
5129,쓰펄
5130,쓰풀
5131,씁새
5132,씁새끼
5133,씁알
5134,씌댈
5135,씌델
5136,씌밝
5137,씌뱅
5138,씌뱌
5139,씌벵
5140,씌봉
5141,씌봘
5142,씌뵹
5143,씌부려
5144,씌블
5145,씌팏
5146,씌팕
5147,씌퐁
5148,씦알
5149,씨꽈랄
5150,씨끼
5151,씨누드21
5152,씨댕
5153,씨댕년
5154,씨댕이
5155,씨델
5156,씨뎅
5157,씨땡이
5158,씨레기
5159,씨뤠기
5160,씨바라
5161,씨발뇸
5162,씨밝
5163,씨밟
5164,씨밠
5165,씨밣
5166,씨밦
5167,씨방
5168,씨밮
5169,씨밯
5170,씨뱅
5171,씨뱅가리
5172,씨뱅놈
5173,씨뱅아
5174,씨뱔
5175,씨벧
5176,씨벵
5177,씨봉
5178,씨봉알
5179,씨봘
5180,씨봙
5181,씨봟
5182,씨봪
5183,씨뵐
5184,씨부랠
5185,씨부렁
5186,씨부려
5187,씨부리
5188,씨부얼
5189,씨불얼
5190,씨붕
5191,씨뷀
5192,씨뷩
5193,씨브
5194,씨빯
5195,씨뽀랄
5196,씨뽤
5197,씨뽥
5198,씨뿔
5199,씨쁠
5200,씨앙넘
5201,씨앙년
5202,씨앙놈
5203,씨앙눔
5204,씨양넘
5205,씨양년
5206,씨양념
5207,씨양놈
5208,씨양눔
5209,씨엠
5210,씨이댕
5211,씨이바
5212,씨이발
5213,씨이방
5214,씨이밸
5215,씨이벌
5216,씨이부
5217,씨이불
5218,씨이붕
5219,씨이빡
5220,씨이빨
5221,씨이팔
5222,씨이펄
5223,씨이풀
5224,씨입년
5225,씨입뇬
5226,씨탱
5227,씨텡
5228,씨파??
5229,씨팍새꺄
5230,씨팍새끼
5231,씨팏
5232,씨팔뇸
5233,씨팕
5234,씨팗
5235,씨팞
5236,씨팡
5237,씨풀
5238,씨풍
5239,씨필
5240,씨할
5241,씰알
5242,씳박
5243,씳발
5244,씳알
5245,씹갓길
5246,씹딱꿍
5247,씹때꺄
5248,씹때끼
5249,씹떼
5250,씹떼끼
5251,씹밸
5252,씹블
5253,씹빵구
5254,씹뽀지
5255,씹새리
5256,씹새이
5257,씹색꺄
5258,씹샛길
5259,씹생알
5260,씹세이
5261,씹셋나루
5262,씹쉐리
5263,씹쉑
5264,씹쉑히
5265,씹시끼
5266,씹쌔
5267,씹쌔기
5268,씹쌔꺄
5269,씹쌔끼
5270,씹쎄
5271,씹알
5272,씹연
5273,씹탱
5274,씹팔련
5275,씹팔쌔끼
5276,씹팔연
5277,씹펄
5278,씹풀
5279,씹할련
5280,씹할연
5281,씻끼
5282,씻발
5283,씻벌
5284,씻뻘
5285,씻퐁
5286,씾팔
5287,앂년
5288,앂팔
5289,ㅇ ㅐ자
5290,ㅇ살
5291,ㅇㅏㄱㅏㄹㅣ
5292,ㅇㅏㄱㅏ리
5293,ㅇㅏ가리
5294,ㅇㅐ년
5295,ㅇㅐㅁㅣ
5296,ㅇㅐ미
5297,ㅇㅐㅂㅣ
5298,ㅇㅐ비
5299,ㅇㅐㅈㅏ
5300,ㅇㅐ자
5301,ㅇㅑ설
5302,ㅇㅑ한사진
5303,ㅇㅔㅁㅣ
5304,ㅇㅔ미
5305,아ㄱㅏ리
5306,아가ㄹㅣ
5307,아갈
5308,아갈이
5309,아갈통
5310,아괄
5311,아구지
5312,아굴
5313,아굴창
5314,아마걸포르노
5315,아이러브에로스쿨
5316,아이템매니아
5317,아이템메니아
5318,아이템베이
5319,아쿠아볼
5320,아퍼살살해
5321,안에사정
5322,알몸
5323,알바걸
5324,알바구함
5325,알바녀
5326,알바맨
5327,알바쪽지
5328,암컷
5329,애널입4
5330,애년
5331,애로물
5332,애로영화
5333,애마부인
5334,애믜
5335,애ㅂㅣ
5336,애븨
5337,애ㅈㅏ
5338,애자매
5339,애쟈
5340,애좌
5341,야게임즈닷넷
5342,야근병동
5343,야께임
5344,야껨
5345,夜덩
5346,野덩
5347,夜동
5348,野동
5349,야동게시판
5350,夜사
5351,野사
5352,夜설
5353,野설
5354,야설공작소
5355,야설신화
5356,야설의문
5357,야쉬쉬
5358,야시25TV
5359,야시MOLCA
5360,야시MTV
5361,야시걸
5362,야시꾸리
5363,야시랭크
5364,야시룸
5365,야시캠
5366,야시코리아
5367,야애니
5368,야오위
5369,야요이
5370,야자료
5371,야ㅎㅏㄴ
5372,夜한
5373,야한거
5374,야한걸
5375,야한것
5376,야한게임
5377,야한그림
5378,야한놈SEX
5379,야한누드
5380,야한만화
5381,야한밤TV
5382,야한밤티브이
5383,야한사딘
5384,야한소설
5385,야한쇼닷컴
5386,야한영화
5387,야한이야기
5388,야한클럽
5389,얀동영상
5390,얀예기
5391,얌ㅁㅏ
5392,얌마
5393,얏옹
5394,양ㅇㅏㅊㅣ
5395,양ㅇㅏ치
5396,양아
5397,양아치
5398,어리버리
5399,어벙
5400,얼간이
5401,엄마젓
5402,에니탑
5403,에로69
5404,에로69TV
5405,에로79
5406,에로걸즈
5407,에로게이트
5408,에로게임
5409,에로관
5410,에로극장
5411,에로니폰
5412,에로닷컴
5413,에로당
5414,에로데이
5415,에로동
5416,에로동영상
5417,에로라이브
5418,에로무비
5419,에로물
5420,에로뮤직비디오
5421,에로바다
5422,에로방티브
5423,에로배우
5424,에로비
5425,에로비디오
5426,에로비안나이트
5427,에로샵
5428,에로세일
5429,에로섹스TV
5430,에로소라가이드
5431,에로쇼
5432,에로스
5433,에로스TV
5434,에로스데이
5435,에로스아시아
5436,에로스재팬
5437,에로스코리아
5438,에로스쿨
5439,에로스타
5440,에로스타일
5441,에로스페셜
5442,에로스포유
5443,에로시네마
5444,에로시안닷컴
5445,에로시티
5446,에로씨네
5447,에로아시아
5448,에로야
5449,에로에스
5450,에로엔조이
5451,에로영화
5452,에로영화관
5453,에로올
5454,에로와이프
5455,에로이브
5456,에로존
5457,에로주
5458,에로촬영현장
5459,에로카
5460,에로클릭
5461,에로투유
5462,에로틱코리아
5463,에로파크
5464,에로패티시
5465,에로팬티
5466,에로플래쉬
5467,에로필름
5468,에미젓
5469,에스이엑스
5470,엑스노브라
5471,엑스모텔
5472,여성성인용품
5473,여성자위기구
5474,여자몸
5475,여자보지
5476,연병
5477,연븅
5478,연인사이성인샵
5479,엽기에로
5480,엽기적인섹스
5481,엿먹
5482,영계
5483,영자
5484,영자님
5485,영자씨
5486,오RAL
5487,오까마
5488,오럴섹스
5489,오렌지야동
5490,오마담
5491,오마이에로
5492,오빠아파
5493,오빠아파닷컴
5494,오빠아퍼
5495,오성인
5496,오예성인영화
5497,올가즘
5498,옷버그
5499,옷벗기기
5500,옷벗기기게임
5501,와레즈
5502,왕가스
5503,왕소세지
5504,요년
5505,요씨댕
5506,욘병
5507,욘뵹
5508,욘븅
5509,욤뵹
5510,욧먹어
5511,우라질
5512,우랄질
5513,우익
5514,우파
5515,운영자
5516,원조알바
5517,원초적
5518,원틀릭페이
5519,유호필름
5520,유흥
5521,윤븅
5522,음마성전
5523,음박학염
5524,이MB
5525,이거본사람은
5526,이걸본사람은
5527,이기
5528,이녀나
5529,이년
5530,이뇬
5531,이명박
5532,이반성인용품몰
5533,이자식
5534,인터넷 가입
5535,인터넷가입
5536,인터넷성인방송
5537,일본동영상
5538,일본망가
5539,일본미소녀
5540,일본뽀르노
5541,일본성인만화
5542,일본성인방송
5543,一進
5544,일진회
5545,一進會
5546,임ㅁㅏ
5547,임마
5548,임빙할
5549,입닥ㅊㅓ
5550,입닥ㅊㅕ
5551,입사후장
5552,입싸
5553,입안사정
5554,입주둥이
5555,ㅈ1랄
5556,ㅈL랄
5557,ㅈㄱ
5558,ㅈㄱ만남
5559,ㅈㄱㅈㄱ
5560,ㅈㅏ★우
5561,ㅈㅏㅇㅟ
5562,ㅈㅏ우ㅣ
5563,ㅈㅏㅈㅣ
5564,㉨ㅏ㉨ㅣ
5565,ㅈㅣ랄
5566,자X
5567,자슥아
5568,자ㅇ
5569,자위남
5570,자위녀
5571,자위씬
5572,자위용품
5573,자위중
5574,자위코리아
5575,자위하자
5576,자위할래
5577,자위행위
5578,잘빨아
5579,잠JY
5580,잠Z
5581,잠ZI
5582,잠ZY
5583,잡것
5584,잡년
5585,잡놈
5586,잡뇬
5587,잡뇸
5588,잡밥
5589,잡탱년
5590,잦털
5591,재랄
5592,재팬마나
5593,재팬만화
5594,재팬팬티
5595,저까
5596,저꽈튼
5597,저꽛튼
5598,저년
5599,저놈
5600,저뇬
5601,저뇸
5602,저샤키
5603,저자식
5604,저즌팬티
5605,적가튼
5606,적꽈튼
5607,적셔줄까
5608,적셔줄께
5609,적셔줄래
5610,적탱이
5611,전나게
5612,전나구려
5613,전조건
5614,전화방
5615,젇놔
5616,점물
5617,접밥
5618,젓만이
5619,젓만한
5620,정력강화용품
5621,정력팬티
5622,정력포탈
5623,정박아
5624,정사씬모음
5625,정사채널
5626,정우성인용품전문점
5627,젖고픈
5628,젖나??
5629,젖통
5630,젙니
5631,제이제이일본성인만화
5632,져꽈튼
5633,조가비
5634,조가틍
5635,조교사
5636,조국혁신당
5637,조깐다
5638,조깥
5639,조껀만남
5640,조끗
5641,조끗네
5642,조刀ㅏ
5643,조둥아리
5644,조또
5645,조랄
5646,조뢀
5647,조빠
5648,조빠라
5649,조삐리
5650,조오까
5651,조옥같네
5652,조옷나
5653,조옷나게
5654,조쟁이
5655,조지냐
5656,조진다
5657,조카툰
5658,조털
5659,족간네
5660,족같은?
5661,졳
5662,존ㄴㅏ
5663,존나??
5664,존년
5665,존망이
5666,존맹구
5667,졷따
5668,졸라
5669,졸라맨
5670,졸라야한닷컴
5671,좀물
5672,좁년
5673,좃간년
5674,좃버지
5675,좄ㄲㅏ
5676,좄까
5677,종간나
5678,종아리
5679,좆버지
5680,좇버지
5681,좌익
5682,좌파
5683,죄랄
5684,죠까틍
5685,죠카태
5686,죠카테
5687,죠카툰
5688,죠콰떼
5689,죠콰태
5690,죠콰테
5691,죠콰퉤
5692,죤니
5693,죨라
5694,죳
5695,죴
5696,죵나
5697,죵늬
5698,죶
5699,죹
5700,주거라
5701,주글년
5702,주길년
5703,주댕이
5704,주둥아리
5705,주둥이
5706,주우둥이
5707,죽고싶지않다면
5708,죽은년
5709,죽을년
5710,죽을놈
5711,죽인년
5712,죽일꺼
5713,죽일놈
5714,줙
5715,줙같은
5716,줙같은새끼
5717,줟
5718,줴섭다
5719,쥐랼
5720,쥐뢀
5721,쥐엠
5722,즈랄
5723,즈럴
5724,즐길성인
5725,즐길여
5726,즤랄떠냐
5727,즤랅
5728,즤랼
5729,즤롤
5730,즤뢀
5731,즤엠
5732,지달
5733,지댈
5734,지랄삽차기
5735,지랄육갑
5736,지랗
5737,지랠
5738,지랼
5739,지뢀
5740,지룔
5741,지엠
5742,진보당
5743,집어쳐
5744,ㅉㅈ
5745,ㅉㅣㅉㅣ
5746,ㅉㅣ찌
5747,짜샤
5748,짜쌰
5749,짜쥐
5750,짜지
5751,짬지
5752,짱나네
5753,째려
5754,쩌껀
5755,쩝밥
5756,쩤밥
5757,쪼가리
5758,쪼건
5759,쪼ㄲㅏ
5760,쪼까
5761,쪼까튼
5762,쪼껀
5763,쪼다
5764,쪼빠라
5765,쪼빤다
5766,쫀ㄴㅏ
5767,쫀나
5768,쫀물
5769,쫍밥
5770,쫍빱
5771,쫒같
5772,쭈욱
5773,쭈쭈
5774,찌거
5775,찌랄
5776,찌랄이
5777,찌지리
5778,찌ㅉㅣ
5779,昌
5780,창뇨
5781,창여
5782,채널레드TV
5783,채워줘
5784,챵남
5785,처머거
5786,처먹어
5787,천재님
5788,凸
5789,첫경험
5790,청부
5791,청부폭력
5792,체위동영상
5793,쳐먹
5794,쳐먹어
5795,쳐죽일
5796,초칠
5797,촉촉
5798,추ㄴㅕ
5799,출장서비스
5800,ㅋㅏㅣ
5801,ㅋㅐM
5802,ㅋㅐㅁ
5803,ㅋㅑㅁ
5804,ㅋㅔ
5805,카X
5806,카우치
5807,카프라
5808,칼라섹스
5809,캐디얼려
5810,캐디올려
5811,캐뛰얼려
5812,캐뛰올려
5813,캐띠얼려
5814,캐띠올려
5815,캐새끼
5816,캐새퀴
5817,캐세끼
5818,캐셋키
5819,캐시버그
5820,캐시얼려
5821,캐시올려
5822,캐씨버그
5823,캐씨얼려
5824,캐씨올려
5825,캣쌕기
5826,캣쑝키
5827,캣씽키
5828,컘
5829,커닐링구스
5830,컴샷
5831,컴세엑
5832,케새킹
5833,케쉬버그
5834,케쉬얼려
5835,케쉬올려
5836,케시버그
5837,콈
5838,코리아성인가이드
5839,코리아스트립닷컴
5840,코리아엑스파일
5841,코리아포로노
5842,코리안걸스
5843,코섹스
5844,콘끼그
5845,콘돔닥터
5846,콘필
5847,콩까
5848,콩까자
5849,쾌애앰
5850,쾌앰
5851,쾌엠
5852,쿤닐링구스
5853,쿨에로
5854,퀨
5855,크림걸
5856,큰년
5857,큰놈
5858,클래머
5859,클럽AV스타
5860,클럽에로
5861,큼섹
5862,킬링티비
5863,타부코리아
5864,탱구리
5865,토탈에로
5866,투앤투동거클럽
5867,트렌스
5868,트렘플링
5869,특수콘돔
5870,ㅍ ㅏ 우 ㅓ 콤
5871,ㅍ ㅏ우ㅓ콤
5872,ㅍ ㅏ워콤
5873,ㅍㅏ 워콤
5874,ㅍㅏ우ㅓ콤
5875,ㅍㅏ워콤
5876,"파,워,콤"
5877,파.워.콤
5878,파워com
5879,파워comm
5880,파워곰
5881,파워컴
5882,파워콤
5883,파-워-콤
5884,패션앤섹스
5885,패티쉬우먼
5886,팬티캔디
5887,팸돔
5888,팸섭
5889,펀색
5890,펀섹
5891,페로몬
5892,페티쉬러브
5893,페티쉬매거진
5894,페티쉬우먼
5895,페티쉬즘
5896,페티쉬코리아
5897,페팅
5898,펜섭
5899,펜썹
5900,펜트하우스
5901,펜티
5902,펨돔
5903,펩시맨
5904,평신
5905,포경
5906,포ㄴ
5907,포노
5908,포르나
5909,포르노사진
5910,포르노세상
5911,포르노섹스
5912,포르노테이프
5913,포르노테입
5914,포르노테잎
5915,포르로
5916,폰X
5917,폰세엑
5918,폰쉑
5919,폰으로
5920,品
5921,프리섹스
5922,플래이보이
5923,플레이보이2030
5924,플레이보이소라가이드
5925,플레이보이온라인
5926,플레이보조개
5927,플레이보지
5928,피임기구
5929,피임용품
5930,ㅎㅡㅇㅂㅜㄴ
5931,하 나 티 비
5932,하 나TV
5933,하나 TV
5934,하나 티 비
5935,하나 티비
5936,하나T V
5937,하나TV
5938,하나로인터
5939,하나로인터넷
5940,하나티브이
5941,하나티비
5942,하두리
5943,하드코어
5944,㉻㉶
5945,한번꽂자
5946,한번주께
5947,한번줄래
5948,한스테이성인
5949,할터
5950,핥어
5951,핧아줄께
5952,함대주까
5953,함대줄래
5954,핫도그TV
5955,핫성인용품
5956,해피에로
5957,향기콘돔
5958,허뎝
5959,허럯
5960,허벌
5961,허접보지
5962,허접쌔끼
5963,허접자지
5964,허쩝
5965,허쩝쌔끼
5966,헤라러브샵
5967,헬로우콘돔
5968,현 18만원
5969,현18만
5970,현금 18만원
5971,현금18만원
5972,현금최대
5973,호냥년
5974,호로쌔꺄
5975,호롸
5976,호봉세씨
5977,호봉쎄끼
5978,호봉쒜리
5979,호양년
5980,혼탕
5981,홀닥
5982,홀오자식
5983,홍등가
5984,화끈물개
5985,화류
5986,후다년
5987,후리자
5988,후릴
5989,후장입사
5990,훔쳐보기
5991,훡유
5992,흥분시켜
5993,흥분할
5994,흥분할녀
5995,희쭈
5996,ㅑ동
5997,장애인
5998,장애
5999,븅슨
6000,붕슨
6001,ㄳㄲ
6002,ㄱㅅㄲ
6003,ㅗㅗ
6004,ㅗㅗㅗ
6005,갓양남
6006,그남
6007,김아재
6008,꽁치남
6009,꿘
6010,남민
6011,냄적냄
6012,방광충
6013,번탈남
6014,빠가남
6015,살남
6016,소남
6017,애호박남
6018,와랄랄라
6019,자징어게임
6020,자징어 게임
6021,자트릭스
6022,조팔
6023,좆들좆들
6024,좆스플레인
6025,줄쓰큰
6026,팥죽남
6027,한남유충
6028,함흥자지
6029,투명애비
6030,남리남리
6031,갓치
6032,명자
6033,탈코르셋
6034,재기해
6035,랟펨
6036,가좆
6037,놈딱
6038,똥냐
6039,망혼
6040,모부
6041,앱친
6042,앱티엠
6043,스까페미
6044,좆한민국
6045,나거한
6046,레디즘
6047,페미
6048,다카기 마사오
6049,씨누드
6050,바보
6051,멍청이
